"region","supplysector","tranSubsector","year","sce","base.service"
"Africa_Eastern","trn_pass_urban","Cycle",1975,"CORE",26494
"Africa_Eastern","trn_pass_urban","Cycle",1990,"CORE",40670
"Africa_Eastern","trn_pass_urban","Cycle",2005,"CORE",62052
"Africa_Eastern","trn_pass_urban","Cycle",2010,"CORE",71786
"Africa_Eastern","trn_pass_urban","Cycle",2015,"CORE",81964
"Africa_Eastern","trn_pass_urban","Cycle",2021,"CORE",95670
"Africa_Eastern","trn_pass_urban","Passenger Rail",1975,"CORE",42.4467606829032
"Africa_Eastern","trn_pass_urban","Passenger Rail",1990,"CORE",81.715140734961
"Africa_Eastern","trn_pass_urban","Passenger Rail",2005,"CORE",130.980037742837
"Africa_Eastern","trn_pass_urban","Passenger Rail",2010,"CORE",176.466523933327
"Africa_Eastern","trn_pass_urban","Passenger Rail",2015,"CORE",258.401272591107
"Africa_Eastern","trn_pass_urban","Passenger Rail",2021,"CORE",394.669435402488
"Africa_Eastern","trn_pass_urban","Walk",1975,"CORE",79482
"Africa_Eastern","trn_pass_urban","Walk",1990,"CORE",122009
"Africa_Eastern","trn_pass_urban","Walk",2005,"CORE",186156
"Africa_Eastern","trn_pass_urban","Walk",2010,"CORE",215360
"Africa_Eastern","trn_pass_urban","Walk",2015,"CORE",245891
"Africa_Eastern","trn_pass_urban","Walk",2021,"CORE",287011
"Africa_Eastern","trn_pass_road_urban","Bus",1975,"CORE",15777.5933255338
"Africa_Eastern","trn_pass_road_urban","Bus",1990,"CORE",30406.2438411085
"Africa_Eastern","trn_pass_road_urban","Bus",2005,"CORE",43909.9951929714
"Africa_Eastern","trn_pass_road_urban","Bus",2010,"CORE",65606.9689022965
"Africa_Eastern","trn_pass_road_urban","Bus",2015,"CORE",96014.7688121666
"Africa_Eastern","trn_pass_road_urban","Bus",2021,"CORE",128041.526706888
"Africa_Eastern","trn_pass_road_LDV_urban","2W and 3W",1975,"CORE",1369.10130383156
"Africa_Eastern","trn_pass_road_LDV_urban","2W and 3W",1990,"CORE",2638.40962709888
"Africa_Eastern","trn_pass_road_LDV_urban","2W and 3W",2005,"CORE",3810.04822470757
"Africa_Eastern","trn_pass_road_LDV_urban","2W and 3W",2010,"CORE",5908.66738005982
"Africa_Eastern","trn_pass_road_LDV_urban","2W and 3W",2015,"CORE",8988.54929742652
"Africa_Eastern","trn_pass_road_LDV_urban","2W and 3W",2021,"CORE",12562.1801958724
"Africa_Eastern","trn_pass_road_LDV_4W_urban","Car",1975,"CORE",5091.91017369661
"Africa_Eastern","trn_pass_road_LDV_4W_urban","Car",1990,"CORE",9812.95628422056
"Africa_Eastern","trn_pass_road_LDV_4W_urban","Car",2005,"CORE",14171.0060199498
"Africa_Eastern","trn_pass_road_LDV_4W_urban","Car",2010,"CORE",21449.2091555323
"Africa_Eastern","trn_pass_road_LDV_4W_urban","Car",2015,"CORE",31961.1495096824
"Africa_Eastern","trn_pass_road_LDV_4W_urban","Car",2021,"CORE",43360.8645071684
"Africa_Eastern","trn_pass_road_LDV_4W_urban","Large Car and Truck",1975,"CORE",2258.74928874407
"Africa_Eastern","trn_pass_road_LDV_4W_urban","Large Car and Truck",1990,"CORE",4352.99404685693
"Africa_Eastern","trn_pass_road_LDV_4W_urban","Large Car and Truck",2005,"CORE",6286.18167345457
"Africa_Eastern","trn_pass_road_LDV_4W_urban","Large Car and Truck",2010,"CORE",9748.78274002206
"Africa_Eastern","trn_pass_road_LDV_4W_urban","Large Car and Truck",2015,"CORE",14830.4551478401
"Africa_Eastern","trn_pass_road_LDV_4W_urban","Large Car and Truck",2021,"CORE",20727.2539226444
"Africa_Eastern","trn_pass_road_LDV_4W_urban","Mini Car",1975,"CORE",2645.53838307998
"Africa_Eastern","trn_pass_road_LDV_4W_urban","Mini Car",1990,"CORE",5098.43114593196
"Africa_Eastern","trn_pass_road_LDV_4W_urban","Mini Car",2005,"CORE",7362.71946043075
"Africa_Eastern","trn_pass_road_LDV_4W_urban","Mini Car",2010,"CORE",11144.1479898527
"Africa_Eastern","trn_pass_road_LDV_4W_urban","Mini Car",2015,"CORE",16605.7037747622
"Africa_Eastern","trn_pass_road_LDV_4W_urban","Mini Car",2021,"CORE",22528.4474129663
"Africa_Northern","trn_pass_urban","Cycle",1975,"CORE",21525
"Africa_Northern","trn_pass_urban","Cycle",1990,"CORE",32350
"Africa_Northern","trn_pass_urban","Cycle",2005,"CORE",42815
"Africa_Northern","trn_pass_urban","Cycle",2010,"CORE",46677
"Africa_Northern","trn_pass_urban","Cycle",2015,"CORE",51204
"Africa_Northern","trn_pass_urban","Cycle",2021,"CORE",56559
"Africa_Northern","trn_pass_urban","Passenger Rail",1975,"CORE",554.514544243636
"Africa_Northern","trn_pass_urban","Passenger Rail",1990,"CORE",2250.70319531136
"Africa_Northern","trn_pass_urban","Passenger Rail",2005,"CORE",3973.85681703387
"Africa_Northern","trn_pass_urban","Passenger Rail",2010,"CORE",5154.68030233667
"Africa_Northern","trn_pass_urban","Passenger Rail",2015,"CORE",9456.31552321677
"Africa_Northern","trn_pass_urban","Passenger Rail",2021,"CORE",13389.816721643
"Africa_Northern","trn_pass_urban","Walk",1975,"CORE",64576
"Africa_Northern","trn_pass_urban","Walk",1990,"CORE",97049
"Africa_Northern","trn_pass_urban","Walk",2005,"CORE",128444
"Africa_Northern","trn_pass_urban","Walk",2010,"CORE",140030
"Africa_Northern","trn_pass_urban","Walk",2015,"CORE",153611
"Africa_Northern","trn_pass_urban","Walk",2021,"CORE",169677
"Africa_Northern","trn_pass_road_urban","Bus",1975,"CORE",41542.2685053825
"Africa_Northern","trn_pass_road_urban","Bus",1990,"CORE",131996.183090938
"Africa_Northern","trn_pass_road_urban","Bus",2005,"CORE",236168.050997569
"Africa_Northern","trn_pass_road_urban","Bus",2010,"CORE",336286.433998418
"Africa_Northern","trn_pass_road_urban","Bus",2015,"CORE",415188.310520575
"Africa_Northern","trn_pass_road_urban","Bus",2021,"CORE",422073.689162058
"Africa_Northern","trn_pass_road_LDV_urban","2W and 3W",1975,"CORE",3604.62331258861
"Africa_Northern","trn_pass_road_LDV_urban","2W and 3W",1990,"CORE",11453.3677746529
"Africa_Northern","trn_pass_road_LDV_urban","2W and 3W",2005,"CORE",20168.3723152169
"Africa_Northern","trn_pass_road_LDV_urban","2W and 3W",2010,"CORE",29817.5096067353
"Africa_Northern","trn_pass_road_LDV_urban","2W and 3W",2015,"CORE",38412.4921478582
"Africa_Northern","trn_pass_road_LDV_urban","2W and 3W",2021,"CORE",40657.7087168858
"Africa_Northern","trn_pass_road_LDV_4W_urban","Car",1975,"CORE",13406.9018991351
"Africa_Northern","trn_pass_road_LDV_4W_urban","Car",1990,"CORE",42598.985186988
"Africa_Northern","trn_pass_road_LDV_4W_urban","Car",2005,"CORE",76211.7201993379
"Africa_Northern","trn_pass_road_LDV_4W_urban","Car",2010,"CORE",109930.7208573
"Africa_Northern","trn_pass_road_LDV_4W_urban","Car",2015,"CORE",138190.870831898
"Africa_Northern","trn_pass_road_LDV_4W_urban","Car",2021,"CORE",142901.060023653
"Africa_Northern","trn_pass_road_LDV_4W_urban","Large Car and Truck",1975,"CORE",5947.23205357621
"Africa_Northern","trn_pass_road_LDV_4W_urban","Large Car and Truck",1990,"CORE",18896.7006998997
"Africa_Northern","trn_pass_road_LDV_4W_urban","Large Car and Truck",2005,"CORE",33807.1431451089
"Africa_Northern","trn_pass_road_LDV_4W_urban","Large Car and Truck",2010,"CORE",49964.0519854007
"Africa_Northern","trn_pass_road_LDV_4W_urban","Large Car and Truck",2015,"CORE",64122.6878810141
"Africa_Northern","trn_pass_road_LDV_4W_urban","Large Car and Truck",2021,"CORE",68309.22241272
"Africa_Northern","trn_pass_road_LDV_4W_urban","Mini Car",1975,"CORE",6965.69896502097
"Africa_Northern","trn_pass_road_LDV_4W_urban","Mini Car",1990,"CORE",22132.7591196669
"Africa_Northern","trn_pass_road_LDV_4W_urban","Mini Car",2005,"CORE",39596.6821551178
"Africa_Northern","trn_pass_road_LDV_4W_urban","Mini Car",2010,"CORE",57115.6484772222
"Africa_Northern","trn_pass_road_LDV_4W_urban","Mini Car",2015,"CORE",71798.3060865122
"Africa_Northern","trn_pass_road_LDV_4W_urban","Mini Car",2021,"CORE",74245.3934040054
"Africa_Southern","trn_pass_urban","Cycle",1975,"CORE",14167
"Africa_Southern","trn_pass_urban","Cycle",1990,"CORE",22626
"Africa_Southern","trn_pass_urban","Cycle",2005,"CORE",32994
"Africa_Southern","trn_pass_urban","Cycle",2010,"CORE",37749
"Africa_Southern","trn_pass_urban","Cycle",2015,"CORE",43802
"Africa_Southern","trn_pass_urban","Cycle",2021,"CORE",52261
"Africa_Southern","trn_pass_urban","Passenger Rail",1975,"CORE",37.1152834956787
"Africa_Southern","trn_pass_urban","Passenger Rail",1990,"CORE",105.737535468425
"Africa_Southern","trn_pass_urban","Passenger Rail",2005,"CORE",149.00452391458
"Africa_Southern","trn_pass_urban","Passenger Rail",2010,"CORE",240.996393936617
"Africa_Southern","trn_pass_urban","Passenger Rail",2015,"CORE",374.733249817662
"Africa_Southern","trn_pass_urban","Passenger Rail",2021,"CORE",404.181052175924
"Africa_Southern","trn_pass_urban","Walk",1975,"CORE",42500
"Africa_Southern","trn_pass_urban","Walk",1990,"CORE",67878
"Africa_Southern","trn_pass_urban","Walk",2005,"CORE",98982
"Africa_Southern","trn_pass_urban","Walk",2010,"CORE",113246
"Africa_Southern","trn_pass_urban","Walk",2015,"CORE",131406
"Africa_Southern","trn_pass_urban","Walk",2021,"CORE",156784
"Africa_Southern","trn_pass_road_urban","Bus",1975,"CORE",13798.5722522759
"Africa_Southern","trn_pass_road_urban","Bus",1990,"CORE",19956.7988530067
"Africa_Southern","trn_pass_road_urban","Bus",2005,"CORE",36937.3377812614
"Africa_Southern","trn_pass_road_urban","Bus",2010,"CORE",55206.9164521053
"Africa_Southern","trn_pass_road_urban","Bus",2015,"CORE",85138.1606974663
"Africa_Southern","trn_pass_road_urban","Bus",2021,"CORE",96621.421046132
"Africa_Southern","trn_pass_road_LDV_urban","2W and 3W",1975,"CORE",1197.25035990776
"Africa_Southern","trn_pass_road_LDV_urban","2W and 3W",1990,"CORE",1731.64707896656
"Africa_Southern","trn_pass_road_LDV_urban","2W and 3W",2005,"CORE",3205.05328003682
"Africa_Southern","trn_pass_road_LDV_urban","2W and 3W",2010,"CORE",4972.00641538723
"Africa_Southern","trn_pass_road_LDV_urban","2W and 3W",2015,"CORE",7968.89944287159
"Africa_Southern","trn_pass_road_LDV_urban","2W and 3W",2021,"CORE",9476.56884168318
"Africa_Southern","trn_pass_road_LDV_4W_urban","Car",1975,"CORE",4453.1838025376
"Africa_Southern","trn_pass_road_LDV_4W_urban","Car",1990,"CORE",6440.64128549362
"Africa_Southern","trn_pass_road_LDV_4W_urban","Car",2005,"CORE",11920.7749632335
"Africa_Southern","trn_pass_road_LDV_4W_urban","Car",2010,"CORE",18049.0232070097
"Africa_Southern","trn_pass_road_LDV_4W_urban","Car",2015,"CORE",28340.5158888443
"Africa_Southern","trn_pass_road_LDV_4W_urban","Car",2021,"CORE",32720.3820140949
"Africa_Southern","trn_pass_road_LDV_4W_urban","Large Car and Truck",1975,"CORE",1975.42663324191
"Africa_Southern","trn_pass_road_LDV_4W_urban","Large Car and Truck",1990,"CORE",2857.05711978441
"Africa_Southern","trn_pass_road_LDV_4W_urban","Large Car and Truck",2005,"CORE",5288.00901485554
"Africa_Southern","trn_pass_road_LDV_4W_urban","Large Car and Truck",2010,"CORE",8203.3711736128
"Africa_Southern","trn_pass_road_LDV_4W_urban","Large Car and Truck",2015,"CORE",13150.4608236625
"Africa_Southern","trn_pass_road_LDV_4W_urban","Large Car and Truck",2021,"CORE",15640.9445250922
"Africa_Southern","trn_pass_road_LDV_4W_urban","Mini Car",1975,"CORE",2313.71874608966
"Africa_Southern","trn_pass_road_LDV_4W_urban","Mini Car",1990,"CORE",3346.3367252755
"Africa_Southern","trn_pass_road_LDV_4W_urban","Mini Car",2005,"CORE",6193.58872400993
"Africa_Southern","trn_pass_road_LDV_4W_urban","Mini Car",2010,"CORE",9377.53170489157
"Africa_Southern","trn_pass_road_LDV_4W_urban","Mini Car",2015,"CORE",14724.5281555163
"Africa_Southern","trn_pass_road_LDV_4W_urban","Mini Car",2021,"CORE",17000.156007314
"Africa_Western","trn_pass_urban","Cycle",1975,"CORE",43261
"Africa_Western","trn_pass_urban","Cycle",1990,"CORE",65380
"Africa_Western","trn_pass_urban","Cycle",2005,"CORE",98681
"Africa_Western","trn_pass_urban","Cycle",2010,"CORE",113858
"Africa_Western","trn_pass_urban","Cycle",2015,"CORE",131260
"Africa_Western","trn_pass_urban","Cycle",2021,"CORE",154616
"Africa_Western","trn_pass_urban","Passenger Rail",1975,"CORE",80.9974418828347
"Africa_Western","trn_pass_urban","Passenger Rail",1990,"CORE",166.711190508214
"Africa_Western","trn_pass_urban","Passenger Rail",2005,"CORE",404.484813820976
"Africa_Western","trn_pass_urban","Passenger Rail",2010,"CORE",499.947418680159
"Africa_Western","trn_pass_urban","Passenger Rail",2015,"CORE",679.151320116251
"Africa_Western","trn_pass_urban","Passenger Rail",2021,"CORE",881.232817688291
"Africa_Western","trn_pass_urban","Walk",1975,"CORE",129783
"Africa_Western","trn_pass_urban","Walk",1990,"CORE",196141
"Africa_Western","trn_pass_urban","Walk",2005,"CORE",296042
"Africa_Western","trn_pass_urban","Walk",2010,"CORE",341575
"Africa_Western","trn_pass_urban","Walk",2015,"CORE",393780
"Africa_Western","trn_pass_urban","Walk",2021,"CORE",463850
"Africa_Western","trn_pass_road_urban","Bus",1975,"CORE",30152.6406199765
"Africa_Western","trn_pass_road_urban","Bus",1990,"CORE",62013.334236456
"Africa_Western","trn_pass_road_urban","Bus",2005,"CORE",139338.654680641
"Africa_Western","trn_pass_road_urban","Bus",2010,"CORE",167690.679390185
"Africa_Western","trn_pass_road_urban","Bus",2015,"CORE",234310.448797752
"Africa_Western","trn_pass_road_urban","Bus",2021,"CORE",291141.776655818
"Africa_Western","trn_pass_road_LDV_urban","2W and 3W",1975,"CORE",2616.38085745304
"Africa_Western","trn_pass_road_LDV_urban","2W and 3W",1990,"CORE",5380.99144800484
"Africa_Western","trn_pass_road_LDV_urban","2W and 3W",2005,"CORE",12090.4769497712
"Africa_Western","trn_pass_road_LDV_urban","2W and 3W",2010,"CORE",15102.4694867387
"Africa_Western","trn_pass_road_LDV_urban","2W and 3W",2015,"CORE",21935.1616139752
"Africa_Western","trn_pass_road_LDV_urban","2W and 3W",2021,"CORE",28563.9351939667
"Africa_Western","trn_pass_road_LDV_4W_urban","Car",1975,"CORE",9731.13954315278
"Africa_Western","trn_pass_road_LDV_4W_urban","Car",1990,"CORE",20013.4864468385
"Africa_Western","trn_pass_road_LDV_4W_urban","Car",2005,"CORE",44968.6030012923
"Africa_Western","trn_pass_road_LDV_4W_urban","Car",2010,"CORE",54823.8878729308
"Africa_Western","trn_pass_road_LDV_4W_urban","Car",2015,"CORE",77996.6994941649
"Africa_Western","trn_pass_road_LDV_4W_urban","Car",2021,"CORE",98594.2157250837
"Africa_Western","trn_pass_road_LDV_4W_urban","Large Car and Truck",1975,"CORE",4316.71268140338
"Africa_Western","trn_pass_road_LDV_4W_urban","Large Car and Truck",1990,"CORE",8877.88947099196
"Africa_Western","trn_pass_road_LDV_4W_urban","Large Car and Truck",2005,"CORE",19947.8562012229
"Africa_Western","trn_pass_road_LDV_4W_urban","Large Car and Truck",2010,"CORE",24917.749932558
"Africa_Western","trn_pass_road_LDV_4W_urban","Large Car and Truck",2015,"CORE",36191.6604050097
"Africa_Western","trn_pass_road_LDV_4W_urban","Large Car and Truck",2021,"CORE",47129.7980392915
"Africa_Western","trn_pass_road_LDV_4W_urban","Mini Car",1975,"CORE",5055.94955866244
"Africa_Western","trn_pass_road_LDV_4W_urban","Mini Car",1990,"CORE",10398.2309294315
"Africa_Western","trn_pass_road_LDV_4W_urban","Mini Car",2005,"CORE",23363.9366291414
"Africa_Western","trn_pass_road_LDV_4W_urban","Mini Car",2010,"CORE",28484.2900157834
"Africa_Western","trn_pass_road_LDV_4W_urban","Mini Car",2015,"CORE",40523.8257212373
"Africa_Western","trn_pass_road_LDV_4W_urban","Mini Car",2021,"CORE",51225.3372394224
"Argentina","trn_pass_urban","Cycle",1975,"CORE",7957
"Argentina","trn_pass_urban","Cycle",1990,"CORE",10037
"Argentina","trn_pass_urban","Cycle",2005,"CORE",12015
"Argentina","trn_pass_urban","Cycle",2010,"CORE",12639
"Argentina","trn_pass_urban","Cycle",2015,"CORE",13303
"Argentina","trn_pass_urban","Cycle",2021,"CORE",13924
"Argentina","trn_pass_urban","Passenger Rail",1975,"CORE",401.855416491519
"Argentina","trn_pass_urban","Passenger Rail",1990,"CORE",429.767791309839
"Argentina","trn_pass_urban","Passenger Rail",2005,"CORE",783.961488336078
"Argentina","trn_pass_urban","Passenger Rail",2010,"CORE",849.665547138762
"Argentina","trn_pass_urban","Passenger Rail",2015,"CORE",736.027649494464
"Argentina","trn_pass_urban","Passenger Rail",2021,"CORE",672.429522367334
"Argentina","trn_pass_urban","Walk",1975,"CORE",25357
"Argentina","trn_pass_urban","Walk",1990,"CORE",31983
"Argentina","trn_pass_urban","Walk",2005,"CORE",38287
"Argentina","trn_pass_urban","Walk",2010,"CORE",40276
"Argentina","trn_pass_urban","Walk",2015,"CORE",42390
"Argentina","trn_pass_urban","Walk",2021,"CORE",44369
"Argentina","trn_pass_road_urban","Bus",1975,"CORE",26472.9852508964
"Argentina","trn_pass_road_urban","Bus",1990,"CORE",32604.3891501327
"Argentina","trn_pass_road_urban","Bus",2005,"CORE",47230.7888486202
"Argentina","trn_pass_road_urban","Bus",2010,"CORE",55276.8694359039
"Argentina","trn_pass_road_urban","Bus",2015,"CORE",61666.6621985344
"Argentina","trn_pass_road_urban","Bus",2021,"CORE",61382.9353354464
"Argentina","trn_pass_road_LDV_urban","2W and 3W",1975,"CORE",7640.00482574636
"Argentina","trn_pass_road_LDV_urban","2W and 3W",1990,"CORE",9116.28319781228
"Argentina","trn_pass_road_LDV_urban","2W and 3W",2005,"CORE",9370.93240865014
"Argentina","trn_pass_road_LDV_urban","2W and 3W",2010,"CORE",12837.7785003607
"Argentina","trn_pass_road_LDV_urban","2W and 3W",2015,"CORE",14880.8457749613
"Argentina","trn_pass_road_LDV_urban","2W and 3W",2021,"CORE",16458.1113116502
"Argentina","trn_pass_road_LDV_4W_urban","Car",1975,"CORE",28601.0716581098
"Argentina","trn_pass_road_LDV_4W_urban","Car",1990,"CORE",35404.805248581
"Argentina","trn_pass_road_LDV_4W_urban","Car",2005,"CORE",53633.7722549165
"Argentina","trn_pass_road_LDV_4W_urban","Car",2010,"CORE",64233.287862452
"Argentina","trn_pass_road_LDV_4W_urban","Car",2015,"CORE",74454.8743160632
"Argentina","trn_pass_road_LDV_4W_urban","Car",2021,"CORE",77078.2883384684
"Argentina","trn_pass_road_LDV_4W_urban","Large Car and Truck",1975,"CORE",5355.17256896672
"Argentina","trn_pass_road_LDV_4W_urban","Large Car and Truck",1990,"CORE",6717.75033766893
"Argentina","trn_pass_road_LDV_4W_urban","Large Car and Truck",2005,"CORE",11329.8194580672
"Argentina","trn_pass_road_LDV_4W_urban","Large Car and Truck",2010,"CORE",13149.319670846
"Argentina","trn_pass_road_LDV_4W_urban","Large Car and Truck",2015,"CORE",15241.7546147545
"Argentina","trn_pass_road_LDV_4W_urban","Large Car and Truck",2021,"CORE",15505.1916976718
"Argentina","trn_pass_road_LDV_4W_urban","Mini Car",1975,"CORE",5881.59867386612
"Argentina","trn_pass_road_LDV_4W_urban","Mini Car",1990,"CORE",7482.27382013628
"Argentina","trn_pass_road_LDV_4W_urban","Mini Car",2005,"CORE",13956.832350702
"Argentina","trn_pass_road_LDV_4W_urban","Mini Car",2010,"CORE",15761.2705808453
"Argentina","trn_pass_road_LDV_4W_urban","Mini Car",2015,"CORE",18269.4565315692
"Argentina","trn_pass_road_LDV_4W_urban","Mini Car",2021,"CORE",18291.2653747198
"Australia_NZ","trn_pass_urban","Cycle",1975,"CORE",2333
"Australia_NZ","trn_pass_urban","Cycle",1990,"CORE",2809
"Australia_NZ","trn_pass_urban","Cycle",2005,"CORE",3339
"Australia_NZ","trn_pass_urban","Cycle",2010,"CORE",3622
"Australia_NZ","trn_pass_urban","Cycle",2015,"CORE",3903
"Australia_NZ","trn_pass_urban","Cycle",2021,"CORE",4266
"Australia_NZ","trn_pass_urban","Passenger Rail",1975,"CORE",2909.31177376939
"Australia_NZ","trn_pass_urban","Passenger Rail",1990,"CORE",6579.47994893714
"Australia_NZ","trn_pass_urban","Passenger Rail",2005,"CORE",11914.5888428192
"Australia_NZ","trn_pass_urban","Passenger Rail",2010,"CORE",12476.5303719465
"Australia_NZ","trn_pass_urban","Passenger Rail",2015,"CORE",18724.4899485276
"Australia_NZ","trn_pass_urban","Passenger Rail",2021,"CORE",20696.4269288425
"Australia_NZ","trn_pass_urban","Walk",1975,"CORE",7187
"Australia_NZ","trn_pass_urban","Walk",1990,"CORE",8653
"Australia_NZ","trn_pass_urban","Walk",2005,"CORE",10286
"Australia_NZ","trn_pass_urban","Walk",2010,"CORE",11158
"Australia_NZ","trn_pass_urban","Walk",2015,"CORE",12024
"Australia_NZ","trn_pass_urban","Walk",2021,"CORE",13141
"Australia_NZ","trn_pass_road_urban","Bus",1975,"CORE",4669.84608026367
"Australia_NZ","trn_pass_road_urban","Bus",1990,"CORE",8491.0174870379
"Australia_NZ","trn_pass_road_urban","Bus",2005,"CORE",10481.9539273647
"Australia_NZ","trn_pass_road_urban","Bus",2010,"CORE",11301.0920430639
"Australia_NZ","trn_pass_road_urban","Bus",2015,"CORE",12359.9549296952
"Australia_NZ","trn_pass_road_urban","Bus",2021,"CORE",11466.940773867
"Australia_NZ","trn_pass_road_LDV_urban","2W and 3W",1975,"CORE",1031.05262862272
"Australia_NZ","trn_pass_road_LDV_urban","2W and 3W",1990,"CORE",1610.63296535036
"Australia_NZ","trn_pass_road_LDV_urban","2W and 3W",2005,"CORE",2125.12790133468
"Australia_NZ","trn_pass_road_LDV_urban","2W and 3W",2010,"CORE",2327.90512462027
"Australia_NZ","trn_pass_road_LDV_urban","2W and 3W",2015,"CORE",2522.92891676286
"Australia_NZ","trn_pass_road_LDV_urban","2W and 3W",2021,"CORE",2572.6660481803
"Australia_NZ","trn_pass_road_LDV_4W_urban","Car",1975,"CORE",23084.3774595182
"Australia_NZ","trn_pass_road_LDV_4W_urban","Car",1990,"CORE",36061.3928006955
"Australia_NZ","trn_pass_road_LDV_4W_urban","Car",2005,"CORE",47579.5405794611
"Australia_NZ","trn_pass_road_LDV_4W_urban","Car",2010,"CORE",52118.5541429947
"Australia_NZ","trn_pass_road_LDV_4W_urban","Car",2015,"CORE",56484.0286033474
"Australia_NZ","trn_pass_road_LDV_4W_urban","Car",2021,"CORE",57595.7790878364
"Australia_NZ","trn_pass_road_LDV_4W_urban","Large Car and Truck",1975,"CORE",53497.4765583179
"Australia_NZ","trn_pass_road_LDV_4W_urban","Large Car and Truck",1990,"CORE",83571.3402562717
"Australia_NZ","trn_pass_road_LDV_4W_urban","Large Car and Truck",2005,"CORE",110264.436247657
"Australia_NZ","trn_pass_road_LDV_4W_urban","Large Car and Truck",2010,"CORE",120785.863156746
"Australia_NZ","trn_pass_road_LDV_4W_urban","Large Car and Truck",2015,"CORE",130905.669413581
"Australia_NZ","trn_pass_road_LDV_4W_urban","Large Car and Truck",2021,"CORE",133485.543333319
"Brazil","trn_pass_urban","Cycle",1975,"CORE",8659
"Brazil","trn_pass_urban","Cycle",1990,"CORE",12005
"Brazil","trn_pass_urban","Cycle",2005,"CORE",14880
"Brazil","trn_pass_urban","Cycle",2010,"CORE",15641
"Brazil","trn_pass_urban","Cycle",2015,"CORE",16345
"Brazil","trn_pass_urban","Cycle",2021,"CORE",17073
"Brazil","trn_pass_urban","Passenger Rail",1975,"CORE",2384.94567962424
"Brazil","trn_pass_urban","Passenger Rail",1990,"CORE",3858.14557929556
"Brazil","trn_pass_urban","Passenger Rail",2005,"CORE",4844.55893303053
"Brazil","trn_pass_urban","Passenger Rail",2010,"CORE",6752.09003393475
"Brazil","trn_pass_urban","Passenger Rail",2015,"CORE",8378.57510942635
"Brazil","trn_pass_urban","Passenger Rail",2021,"CORE",8494.83121930085
"Brazil","trn_pass_urban","Walk",1975,"CORE",13733
"Brazil","trn_pass_urban","Walk",1990,"CORE",19040
"Brazil","trn_pass_urban","Walk",2005,"CORE",23600
"Brazil","trn_pass_urban","Walk",2010,"CORE",24807
"Brazil","trn_pass_urban","Walk",2015,"CORE",25924
"Brazil","trn_pass_urban","Walk",2021,"CORE",27078
"Brazil","trn_pass_road_urban","Bus",1975,"CORE",69317.1298036444
"Brazil","trn_pass_road_urban","Bus",1990,"CORE",108393.737411111
"Brazil","trn_pass_road_urban","Bus",2005,"CORE",171319.37836281
"Brazil","trn_pass_road_urban","Bus",2010,"CORE",229605.169269918
"Brazil","trn_pass_road_urban","Bus",2015,"CORE",282051.699978155
"Brazil","trn_pass_road_urban","Bus",2021,"CORE",288925.23746518
"Brazil","trn_pass_road_LDV_urban","2W and 3W",1975,"CORE",39999.0011712768
"Brazil","trn_pass_road_LDV_urban","2W and 3W",1990,"CORE",62548.0270592422
"Brazil","trn_pass_road_LDV_urban","2W and 3W",2005,"CORE",98858.8246712689
"Brazil","trn_pass_road_LDV_urban","2W and 3W",2010,"CORE",137565.255349444
"Brazil","trn_pass_road_LDV_urban","2W and 3W",2015,"CORE",175718.189049963
"Brazil","trn_pass_road_LDV_urban","2W and 3W",2021,"CORE",188721.118905179
"Brazil","trn_pass_road_LDV_4W_urban","Car",1975,"CORE",52997.380006286
"Brazil","trn_pass_road_LDV_4W_urban","Car",1990,"CORE",82891.7759272826
"Brazil","trn_pass_road_LDV_4W_urban","Car",2005,"CORE",146235.3679105
"Brazil","trn_pass_road_LDV_4W_urban","Car",2010,"CORE",198595.335202864
"Brazil","trn_pass_road_LDV_4W_urban","Car",2015,"CORE",247714.334483051
"Brazil","trn_pass_road_LDV_4W_urban","Car",2021,"CORE",269191.75306327
"Brazil","trn_pass_road_LDV_4W_urban","Large Car and Truck",1975,"CORE",15955.2579145039
"Brazil","trn_pass_road_LDV_4W_urban","Large Car and Truck",1990,"CORE",24952.1940897684
"Brazil","trn_pass_road_LDV_4W_urban","Large Car and Truck",2005,"CORE",41482.9703469524
"Brazil","trn_pass_road_LDV_4W_urban","Large Car and Truck",2010,"CORE",57067.0793859912
"Brazil","trn_pass_road_LDV_4W_urban","Large Car and Truck",2015,"CORE",72093.4646002281
"Brazil","trn_pass_road_LDV_4W_urban","Large Car and Truck",2021,"CORE",77851.0902358941
"Brazil","trn_pass_road_LDV_4W_urban","Mini Car",1975,"CORE",46944.5921996548
"Brazil","trn_pass_road_LDV_4W_urban","Mini Car",1990,"CORE",73416.027130155
"Brazil","trn_pass_road_LDV_4W_urban","Mini Car",2005,"CORE",122053.821890203
"Brazil","trn_pass_road_LDV_4W_urban","Mini Car",2010,"CORE",167906.372531972
"Brazil","trn_pass_road_LDV_4W_urban","Mini Car",2015,"CORE",212118.063016088
"Brazil","trn_pass_road_LDV_4W_urban","Mini Car",2021,"CORE",229058.496867455
"Canada","trn_pass_urban","Cycle",1975,"CORE",1253
"Canada","trn_pass_urban","Cycle",1990,"CORE",1498
"Canada","trn_pass_urban","Cycle",2005,"CORE",1745
"Canada","trn_pass_urban","Cycle",2010,"CORE",1840
"Canada","trn_pass_urban","Cycle",2015,"CORE",1935
"Canada","trn_pass_urban","Cycle",2021,"CORE",2067
"Canada","trn_pass_urban","Passenger Rail",1975,"CORE",2948.72811756129
"Canada","trn_pass_urban","Passenger Rail",1990,"CORE",4904.70122157471
"Canada","trn_pass_urban","Passenger Rail",2005,"CORE",6389.70333053366
"Canada","trn_pass_urban","Passenger Rail",2010,"CORE",6599.51355351505
"Canada","trn_pass_urban","Passenger Rail",2015,"CORE",7907.45365317226
"Canada","trn_pass_urban","Passenger Rail",2021,"CORE",7681.35428302264
"Canada","trn_pass_urban","Walk",1975,"CORE",3739
"Canada","trn_pass_urban","Walk",1990,"CORE",4469
"Canada","trn_pass_urban","Walk",2005,"CORE",5206
"Canada","trn_pass_urban","Walk",2010,"CORE",5488
"Canada","trn_pass_urban","Walk",2015,"CORE",5774
"Canada","trn_pass_urban","Walk",2021,"CORE",6166
"Canada","trn_pass_road_urban","Bus",1975,"CORE",25142.08611979
"Canada","trn_pass_road_urban","Bus",1990,"CORE",28534.017604235
"Canada","trn_pass_road_urban","Bus",2005,"CORE",38418.9009010599
"Canada","trn_pass_road_urban","Bus",2010,"CORE",42175.9016094353
"Canada","trn_pass_road_urban","Bus",2015,"CORE",43431.0914260296
"Canada","trn_pass_road_urban","Bus",2021,"CORE",40579.0756030157
"Canada","trn_pass_road_LDV_urban","2W and 3W",1975,"CORE",1949.89406620578
"Canada","trn_pass_road_LDV_urban","2W and 3W",1990,"CORE",2171.71788293712
"Canada","trn_pass_road_LDV_urban","2W and 3W",2005,"CORE",2933.7615465091
"Canada","trn_pass_road_LDV_urban","2W and 3W",2010,"CORE",3347.4367373623
"Canada","trn_pass_road_LDV_urban","2W and 3W",2015,"CORE",3532.66936671511
"Canada","trn_pass_road_LDV_urban","2W and 3W",2021,"CORE",3433.93555545229
"Canada","trn_pass_road_LDV_4W_urban","Car",1975,"CORE",159641.44576331
"Canada","trn_pass_road_LDV_4W_urban","Car",1990,"CORE",177924.074943317
"Canada","trn_pass_road_LDV_4W_urban","Car",2005,"CORE",240327.362571261
"Canada","trn_pass_road_LDV_4W_urban","Car",2010,"CORE",274200.024893829
"Canada","trn_pass_road_LDV_4W_urban","Car",2015,"CORE",289522.596035653
"Canada","trn_pass_road_LDV_4W_urban","Car",2021,"CORE",281509.576707914
"Canada","trn_pass_road_LDV_4W_urban","Large Car and Truck",1975,"CORE",91756.2585806695
"Canada","trn_pass_road_LDV_4W_urban","Large Car and Truck",1990,"CORE",102264.366037821
"Canada","trn_pass_road_LDV_4W_urban","Large Car and Truck",2005,"CORE",138131.567211434
"Canada","trn_pass_road_LDV_4W_urban","Large Car and Truck",2010,"CORE",157602.150621928
"Canada","trn_pass_road_LDV_4W_urban","Large Car and Truck",2015,"CORE",166410.979544624
"Canada","trn_pass_road_LDV_4W_urban","Large Car and Truck",2021,"CORE",161807.187796145
"Central America and Caribbean","trn_pass_urban","Cycle",1975,"CORE",13745
"Central America and Caribbean","trn_pass_urban","Cycle",1990,"CORE",18339
"Central America and Caribbean","trn_pass_urban","Cycle",2005,"CORE",23258
"Central America and Caribbean","trn_pass_urban","Cycle",2010,"CORE",24795
"Central America and Caribbean","trn_pass_urban","Cycle",2015,"CORE",26357
"Central America and Caribbean","trn_pass_urban","Cycle",2021,"CORE",28078
"Central America and Caribbean","trn_pass_urban","Passenger Rail",1975,"CORE",91.8921695305983
"Central America and Caribbean","trn_pass_urban","Passenger Rail",1990,"CORE",159.302471052112
"Central America and Caribbean","trn_pass_urban","Passenger Rail",2005,"CORE",177.981444614247
"Central America and Caribbean","trn_pass_urban","Passenger Rail",2010,"CORE",416.613144559659
"Central America and Caribbean","trn_pass_urban","Passenger Rail",2015,"CORE",601.516116971285
"Central America and Caribbean","trn_pass_urban","Passenger Rail",2021,"CORE",564.245951004623
"Central America and Caribbean","trn_pass_urban","Walk",1975,"CORE",43796
"Central America and Caribbean","trn_pass_urban","Walk",1990,"CORE",58435
"Central America and Caribbean","trn_pass_urban","Walk",2005,"CORE",74111
"Central America and Caribbean","trn_pass_urban","Walk",2010,"CORE",79010
"Central America and Caribbean","trn_pass_urban","Walk",2015,"CORE",83987
"Central America and Caribbean","trn_pass_urban","Walk",2021,"CORE",89471
"Central America and Caribbean","trn_pass_road_urban","Bus",1975,"CORE",16263.0607369687
"Central America and Caribbean","trn_pass_road_urban","Bus",1990,"CORE",23338.1395822333
"Central America and Caribbean","trn_pass_road_urban","Bus",2005,"CORE",40940.5792250173
"Central America and Caribbean","trn_pass_road_urban","Bus",2010,"CORE",45977.5280722286
"Central America and Caribbean","trn_pass_road_urban","Bus",2015,"CORE",51378.8071673499
"Central America and Caribbean","trn_pass_road_urban","Bus",2021,"CORE",59187.8658765075
"Central America and Caribbean","trn_pass_road_LDV_urban","2W and 3W",1975,"CORE",4693.43785551444
"Central America and Caribbean","trn_pass_road_LDV_urban","2W and 3W",1990,"CORE",6738.37874299065
"Central America and Caribbean","trn_pass_road_LDV_urban","2W and 3W",2005,"CORE",11815.000484003
"Central America and Caribbean","trn_pass_road_LDV_urban","2W and 3W",2010,"CORE",13770.3850938089
"Central America and Caribbean","trn_pass_road_LDV_urban","2W and 3W",2015,"CORE",15961.0012480393
"Central America and Caribbean","trn_pass_road_LDV_urban","2W and 3W",2021,"CORE",19288.7752276461
"Central America and Caribbean","trn_pass_road_LDV_4W_urban","Car",1975,"CORE",17595.4115208234
"Central America and Caribbean","trn_pass_road_LDV_4W_urban","Car",1990,"CORE",25354.7080223516
"Central America and Caribbean","trn_pass_road_LDV_4W_urban","Car",2005,"CORE",44399.9468233254
"Central America and Caribbean","trn_pass_road_LDV_4W_urban","Car",2010,"CORE",51765.0759136596
"Central America and Caribbean","trn_pass_road_LDV_4W_urban","Car",2015,"CORE",60048.3317689254
"Central America and Caribbean","trn_pass_road_LDV_4W_urban","Car",2021,"CORE",72450.8882203394
"Central America and Caribbean","trn_pass_road_LDV_4W_urban","Large Car and Truck",1975,"CORE",3298.35659843513
"Central America and Caribbean","trn_pass_road_LDV_4W_urban","Large Car and Truck",1990,"CORE",4766.95114733524
"Central America and Caribbean","trn_pass_road_LDV_4W_urban","Large Car and Truck",2005,"CORE",8339.15413946994
"Central America and Caribbean","trn_pass_road_LDV_4W_urban","Large Car and Truck",2010,"CORE",9724.51655244929
"Central America and Caribbean","trn_pass_road_LDV_4W_urban","Large Car and Truck",2015,"CORE",11275.5184043187
"Central America and Caribbean","trn_pass_road_LDV_4W_urban","Large Car and Truck",2021,"CORE",13593.3353741299
"Central America and Caribbean","trn_pass_road_LDV_4W_urban","Mini Car",1975,"CORE",3611.63374494779
"Central America and Caribbean","trn_pass_road_LDV_4W_urban","Mini Car",1990,"CORE",5179.40169194125
"Central America and Caribbean","trn_pass_road_LDV_4W_urban","Mini Car",2005,"CORE",9085.09056912203
"Central America and Caribbean","trn_pass_road_LDV_4W_urban","Mini Car",2010,"CORE",10590.7788692899
"Central America and Caribbean","trn_pass_road_LDV_4W_urban","Mini Car",2015,"CORE",12336.9263968606
"Central America and Caribbean","trn_pass_road_LDV_4W_urban","Mini Car",2021,"CORE",14881.8107014883
"Central Asia","trn_pass_urban","Cycle",1975,"CORE",14413
"Central Asia","trn_pass_urban","Cycle",1990,"CORE",19477
"Central Asia","trn_pass_urban","Cycle",2005,"CORE",21770
"Central Asia","trn_pass_urban","Cycle",2010,"CORE",23132
"Central Asia","trn_pass_urban","Cycle",2015,"CORE",24882
"Central Asia","trn_pass_urban","Cycle",2021,"CORE",27085
"Central Asia","trn_pass_urban","Passenger Rail",1975,"CORE",23127.1849991394
"Central Asia","trn_pass_urban","Passenger Rail",1990,"CORE",21506.1801431077
"Central Asia","trn_pass_urban","Passenger Rail",2005,"CORE",12344.7342789142
"Central Asia","trn_pass_urban","Passenger Rail",2010,"CORE",13165.6925742614
"Central Asia","trn_pass_urban","Passenger Rail",2015,"CORE",13909.3861895542
"Central Asia","trn_pass_urban","Passenger Rail",2021,"CORE",14784.0173662392
"Central Asia","trn_pass_urban","Walk",1975,"CORE",40359
"Central Asia","trn_pass_urban","Walk",1990,"CORE",54243
"Central Asia","trn_pass_urban","Walk",2005,"CORE",60349
"Central Asia","trn_pass_urban","Walk",2010,"CORE",64160
"Central Asia","trn_pass_urban","Walk",2015,"CORE",68898
"Central Asia","trn_pass_urban","Walk",2021,"CORE",74768
"Central Asia","trn_pass_road_urban","Bus",1975,"CORE",34650.0222431882
"Central Asia","trn_pass_road_urban","Bus",1990,"CORE",72300.9337833797
"Central Asia","trn_pass_road_urban","Bus",2005,"CORE",50010.8131949084
"Central Asia","trn_pass_road_urban","Bus",2010,"CORE",68994.3470172706
"Central Asia","trn_pass_road_urban","Bus",2015,"CORE",99493.8040491711
"Central Asia","trn_pass_road_urban","Bus",2021,"CORE",193348.435407801
"Central Asia","trn_pass_road_LDV_urban","2W and 3W",1975,"CORE",18571.9023470066
"Central Asia","trn_pass_road_LDV_urban","2W and 3W",1990,"CORE",24288.0814650951
"Central Asia","trn_pass_road_LDV_urban","2W and 3W",2005,"CORE",16316.5617450359
"Central Asia","trn_pass_road_LDV_urban","2W and 3W",2010,"CORE",21507.0274527714
"Central Asia","trn_pass_road_LDV_urban","2W and 3W",2015,"CORE",26287.056882527
"Central Asia","trn_pass_road_LDV_urban","2W and 3W",2021,"CORE",34689.8732991878
"Central Asia","trn_pass_road_LDV_4W_urban","Car",1975,"CORE",75235.6535637814
"Central Asia","trn_pass_road_LDV_4W_urban","Car",1990,"CORE",91238.2581287223
"Central Asia","trn_pass_road_LDV_4W_urban","Car",2005,"CORE",60198.8265095938
"Central Asia","trn_pass_road_LDV_4W_urban","Car",2010,"CORE",79687.502919603
"Central Asia","trn_pass_road_LDV_4W_urban","Car",2015,"CORE",96366.9425522524
"Central Asia","trn_pass_road_LDV_4W_urban","Car",2021,"CORE",131250.121427466
"Central Asia","trn_pass_road_LDV_4W_urban","Large Car and Truck",1975,"CORE",9365.84039087602
"Central Asia","trn_pass_road_LDV_4W_urban","Large Car and Truck",1990,"CORE",11501.8600253896
"Central Asia","trn_pass_road_LDV_4W_urban","Large Car and Truck",2005,"CORE",7596.00561005681
"Central Asia","trn_pass_road_LDV_4W_urban","Large Car and Truck",2010,"CORE",10055.3737535245
"Central Asia","trn_pass_road_LDV_4W_urban","Large Car and Truck",2015,"CORE",12184.8174535705
"Central Asia","trn_pass_road_LDV_4W_urban","Large Car and Truck",2021,"CORE",16605.001747427
"Central Asia","trn_pass_road_LDV_4W_urban","Mini Car",1975,"CORE",0
"Central Asia","trn_pass_road_LDV_4W_urban","Mini Car",1990,"CORE",254.792743655889
"Central Asia","trn_pass_road_LDV_4W_urban","Mini Car",2005,"CORE",190.017735353254
"Central Asia","trn_pass_road_LDV_4W_urban","Mini Car",2010,"CORE",246.323719010315
"Central Asia","trn_pass_road_LDV_4W_urban","Mini Car",2015,"CORE",364.792660997521
"Central Asia","trn_pass_road_LDV_4W_urban","Mini Car",2021,"CORE",510.40868813226
"China","trn_pass_urban","Cycle",1975,"CORE",645836
"China","trn_pass_urban","Cycle",1990,"CORE",814259
"China","trn_pass_urban","Cycle",2005,"CORE",921039
"China","trn_pass_urban","Cycle",2010,"CORE",951608
"China","trn_pass_urban","Cycle",2015,"CORE",983753
"China","trn_pass_urban","Cycle",2021,"CORE",1006462
"China","trn_pass_urban","Passenger Rail",1975,"CORE",35347.5794919297
"China","trn_pass_urban","Passenger Rail",1990,"CORE",76798.6143480869
"China","trn_pass_urban","Passenger Rail",2005,"CORE",355595.93339442
"China","trn_pass_urban","Passenger Rail",2010,"CORE",559420.100847596
"China","trn_pass_urban","Passenger Rail",2015,"CORE",870708.718049007
"China","trn_pass_urban","Passenger Rail",2021,"CORE",1304607.54894127
"China","trn_pass_urban","Walk",1975,"CORE",162877
"China","trn_pass_urban","Walk",1990,"CORE",205433
"China","trn_pass_urban","Walk",2005,"CORE",232501
"China","trn_pass_urban","Walk",2010,"CORE",240223
"China","trn_pass_urban","Walk",2015,"CORE",248358
"China","trn_pass_urban","Walk",2021,"CORE",254085
"China","trn_pass_road_urban","Bus",1975,"CORE",195507.222079038
"China","trn_pass_road_urban","Bus",1990,"CORE",347977.598095013
"China","trn_pass_road_urban","Bus",2005,"CORE",1937528.08216081
"China","trn_pass_road_urban","Bus",2010,"CORE",3005933.32330422
"China","trn_pass_road_urban","Bus",2015,"CORE",4687510.33684649
"China","trn_pass_road_urban","Bus",2021,"CORE",5649709.84299118
"China","trn_pass_road_LDV_urban","2W and 3W",1975,"CORE",86534.7184976699
"China","trn_pass_road_LDV_urban","2W and 3W",1990,"CORE",193105.557838929
"China","trn_pass_road_LDV_urban","2W and 3W",2005,"CORE",827208.130627828
"China","trn_pass_road_LDV_urban","2W and 3W",2010,"CORE",1246457.07893939
"China","trn_pass_road_LDV_urban","2W and 3W",2015,"CORE",1885223.92767507
"China","trn_pass_road_LDV_urban","2W and 3W",2021,"CORE",2524937.88921308
"China","trn_pass_road_LDV_4W_urban","Car",1975,"CORE",23052.180685091
"China","trn_pass_road_LDV_4W_urban","Car",1990,"CORE",42975.7883827568
"China","trn_pass_road_LDV_4W_urban","Car",2005,"CORE",222834.947591309
"China","trn_pass_road_LDV_4W_urban","Car",2010,"CORE",331174.078156524
"China","trn_pass_road_LDV_4W_urban","Car",2015,"CORE",498884.536209348
"China","trn_pass_road_LDV_4W_urban","Car",2021,"CORE",585094.416551262
"China","trn_pass_road_LDV_4W_urban","Large Car and Truck",1975,"CORE",5892.55667798717
"China","trn_pass_road_LDV_4W_urban","Large Car and Truck",1990,"CORE",11083.5218809928
"China","trn_pass_road_LDV_4W_urban","Large Car and Truck",2005,"CORE",56136.2540500483
"China","trn_pass_road_LDV_4W_urban","Large Car and Truck",2010,"CORE",82672.9323192302
"China","trn_pass_road_LDV_4W_urban","Large Car and Truck",2015,"CORE",122237.734939275
"China","trn_pass_road_LDV_4W_urban","Large Car and Truck",2021,"CORE",142844.645318726
"China","trn_pass_road_LDV_4W_urban","Mini Car",1975,"CORE",6631.85096656705
"China","trn_pass_road_LDV_4W_urban","Mini Car",1990,"CORE",12551.2012903312
"China","trn_pass_road_LDV_4W_urban","Mini Car",2005,"CORE",65922.3496863369
"China","trn_pass_road_LDV_4W_urban","Mini Car",2010,"CORE",105917.794262102
"China","trn_pass_road_LDV_4W_urban","Mini Car",2015,"CORE",171703.753930059
"China","trn_pass_road_LDV_4W_urban","Mini Car",2021,"CORE",214272.954531926
"Colombia","trn_pass_urban","Cycle",1975,"CORE",7197
"Colombia","trn_pass_urban","Cycle",1990,"CORE",10026
"Colombia","trn_pass_urban","Cycle",2005,"CORE",12984
"Colombia","trn_pass_urban","Cycle",2010,"CORE",13782
"Colombia","trn_pass_urban","Cycle",2015,"CORE",14491
"Colombia","trn_pass_urban","Cycle",2021,"CORE",15843
"Colombia","trn_pass_urban","Passenger Rail",1975,"CORE",9.88457904915472
"Colombia","trn_pass_urban","Passenger Rail",1990,"CORE",17.259487693847
"Colombia","trn_pass_urban","Passenger Rail",2005,"CORE",81.7822244819895
"Colombia","trn_pass_urban","Passenger Rail",2010,"CORE",101.953784643974
"Colombia","trn_pass_urban","Passenger Rail",2015,"CORE",159.791458521733
"Colombia","trn_pass_urban","Passenger Rail",2021,"CORE",154.404147907263
"Colombia","trn_pass_urban","Walk",1975,"CORE",22934
"Colombia","trn_pass_urban","Walk",1990,"CORE",31948
"Colombia","trn_pass_urban","Walk",2005,"CORE",41374
"Colombia","trn_pass_urban","Walk",2010,"CORE",43918
"Colombia","trn_pass_urban","Walk",2015,"CORE",46175
"Colombia","trn_pass_urban","Walk",2021,"CORE",50484
"Colombia","trn_pass_road_urban","Bus",1975,"CORE",11316.9331997823
"Colombia","trn_pass_road_urban","Bus",1990,"CORE",19830.1447187062
"Colombia","trn_pass_road_urban","Bus",2005,"CORE",24086.7579737633
"Colombia","trn_pass_road_urban","Bus",2010,"CORE",26479.0764343991
"Colombia","trn_pass_road_urban","Bus",2015,"CORE",37640.5924079887
"Colombia","trn_pass_road_urban","Bus",2021,"CORE",45723.9138061801
"Colombia","trn_pass_road_LDV_urban","2W and 3W",1975,"CORE",3266.04568960811
"Colombia","trn_pass_road_LDV_urban","2W and 3W",1990,"CORE",5701.90500351687
"Colombia","trn_pass_road_LDV_urban","2W and 3W",2005,"CORE",6565.73925141964
"Colombia","trn_pass_road_LDV_urban","2W and 3W",2010,"CORE",7002.93188509358
"Colombia","trn_pass_road_LDV_urban","2W and 3W",2015,"CORE",10612.5686346277
"Colombia","trn_pass_road_LDV_urban","2W and 3W",2021,"CORE",14179.6335424777
"Colombia","trn_pass_road_LDV_4W_urban","Car",1975,"CORE",12226.6424511356
"Colombia","trn_pass_road_LDV_4W_urban","Car",1990,"CORE",21437.1609999012
"Colombia","trn_pass_road_LDV_4W_urban","Car",2005,"CORE",26258.931745424
"Colombia","trn_pass_road_LDV_4W_urban","Car",2010,"CORE",30254.0190795353
"Colombia","trn_pass_road_LDV_4W_urban","Car",2015,"CORE",44535.5587265738
"Colombia","trn_pass_road_LDV_4W_urban","Car",2021,"CORE",56291.9249744495
"Colombia","trn_pass_road_LDV_4W_urban","Large Car and Truck",1975,"CORE",2289.28270160119
"Colombia","trn_pass_road_LDV_4W_urban","Large Car and Truck",1990,"CORE",4020.19288620335
"Colombia","trn_pass_road_LDV_4W_urban","Large Car and Truck",2005,"CORE",5033.22655694811
"Colombia","trn_pass_road_LDV_4W_urban","Large Car and Truck",2010,"CORE",5944.91423371861
"Colombia","trn_pass_road_LDV_4W_urban","Large Car and Truck",2015,"CORE",8672.23582900534
"Colombia","trn_pass_road_LDV_4W_urban","Large Car and Truck",2021,"CORE",10762.5457284791
"Colombia","trn_pass_road_LDV_4W_urban","Mini Car",1975,"CORE",2514.32695338859
"Colombia","trn_pass_road_LDV_4W_urban","Mini Car",1990,"CORE",4422.90313783851
"Colombia","trn_pass_road_LDV_4W_urban","Mini Car",2005,"CORE",5664.95091330937
"Colombia","trn_pass_road_LDV_4W_urban","Mini Car",2010,"CORE",6858.70630294273
"Colombia","trn_pass_road_LDV_4W_urban","Mini Car",2015,"CORE",9916.89166387191
"Colombia","trn_pass_road_LDV_4W_urban","Mini Car",2021,"CORE",12082.5932905275
"EU-12","trn_pass_urban","Cycle",1975,"CORE",15425
"EU-12","trn_pass_urban","Cycle",1990,"CORE",16614
"EU-12","trn_pass_urban","Cycle",2005,"CORE",16010
"EU-12","trn_pass_urban","Cycle",2010,"CORE",15802
"EU-12","trn_pass_urban","Cycle",2015,"CORE",15616
"EU-12","trn_pass_urban","Cycle",2021,"CORE",15360
"EU-12","trn_pass_urban","Passenger Rail",1975,"CORE",27108.5308162674
"EU-12","trn_pass_urban","Passenger Rail",1990,"CORE",44132.5507810552
"EU-12","trn_pass_urban","Passenger Rail",2005,"CORE",33543.4717722721
"EU-12","trn_pass_urban","Passenger Rail",2010,"CORE",30245.4081134424
"EU-12","trn_pass_urban","Passenger Rail",2015,"CORE",28442.5797663622
"EU-12","trn_pass_urban","Passenger Rail",2021,"CORE",31996.9434390327
"EU-12","trn_pass_urban","Walk",1975,"CORE",46277
"EU-12","trn_pass_urban","Walk",1990,"CORE",49844
"EU-12","trn_pass_urban","Walk",2005,"CORE",48030
"EU-12","trn_pass_urban","Walk",2010,"CORE",47406
"EU-12","trn_pass_urban","Walk",2015,"CORE",46850
"EU-12","trn_pass_urban","Walk",2021,"CORE",46081
"EU-12","trn_pass_road_urban","Bus",1975,"CORE",49769.7026814195
"EU-12","trn_pass_road_urban","Bus",1990,"CORE",62396.9387334688
"EU-12","trn_pass_road_urban","Bus",2005,"CORE",92372.9296101317
"EU-12","trn_pass_road_urban","Bus",2010,"CORE",111837.341868358
"EU-12","trn_pass_road_urban","Bus",2015,"CORE",116981.942037705
"EU-12","trn_pass_road_urban","Bus",2021,"CORE",150916.750316146
"EU-12","trn_pass_road_LDV_urban","2W and 3W",1975,"CORE",16780.4861802514
"EU-12","trn_pass_road_LDV_urban","2W and 3W",1990,"CORE",21449.8805484916
"EU-12","trn_pass_road_LDV_urban","2W and 3W",2005,"CORE",29772.109387811
"EU-12","trn_pass_road_LDV_urban","2W and 3W",2010,"CORE",36688.1900648645
"EU-12","trn_pass_road_LDV_urban","2W and 3W",2015,"CORE",39298.9815513982
"EU-12","trn_pass_road_LDV_urban","2W and 3W",2021,"CORE",51642.3704578483
"EU-12","trn_pass_road_LDV_4W_urban","Car",1975,"CORE",160260.833453463
"EU-12","trn_pass_road_LDV_4W_urban","Car",1990,"CORE",201604.933650864
"EU-12","trn_pass_road_LDV_4W_urban","Car",2005,"CORE",300307.078878571
"EU-12","trn_pass_road_LDV_4W_urban","Car",2010,"CORE",373435.548573963
"EU-12","trn_pass_road_LDV_4W_urban","Car",2015,"CORE",397771.405000092
"EU-12","trn_pass_road_LDV_4W_urban","Car",2021,"CORE",526152.006856771
"EU-12","trn_pass_road_LDV_4W_urban","Large Car and Truck",1975,"CORE",2265.60860565482
"EU-12","trn_pass_road_LDV_4W_urban","Large Car and Truck",1990,"CORE",3768.38914416721
"EU-12","trn_pass_road_LDV_4W_urban","Large Car and Truck",2005,"CORE",3899.32193100787
"EU-12","trn_pass_road_LDV_4W_urban","Large Car and Truck",2010,"CORE",4416.71334984027
"EU-12","trn_pass_road_LDV_4W_urban","Large Car and Truck",2015,"CORE",4538.84055016319
"EU-12","trn_pass_road_LDV_4W_urban","Large Car and Truck",2021,"CORE",5271.13820700588
"EU-15","trn_pass_urban","Cycle",1975,"CORE",39726
"EU-15","trn_pass_urban","Cycle",1990,"CORE",41493
"EU-15","trn_pass_urban","Cycle",2005,"CORE",43878
"EU-15","trn_pass_urban","Cycle",2010,"CORE",45109
"EU-15","trn_pass_urban","Cycle",2015,"CORE",45839
"EU-15","trn_pass_urban","Cycle",2021,"CORE",46536
"EU-15","trn_pass_urban","Passenger Rail",1975,"CORE",111343.722236517
"EU-15","trn_pass_urban","Passenger Rail",1990,"CORE",168916.018267388
"EU-15","trn_pass_urban","Passenger Rail",2005,"CORE",198679.631301208
"EU-15","trn_pass_urban","Passenger Rail",2010,"CORE",191700.05957466
"EU-15","trn_pass_urban","Passenger Rail",2015,"CORE",193000.637446437
"EU-15","trn_pass_urban","Passenger Rail",2021,"CORE",205967.924681572
"EU-15","trn_pass_urban","Walk",1975,"CORE",119179
"EU-15","trn_pass_urban","Walk",1990,"CORE",124479
"EU-15","trn_pass_urban","Walk",2005,"CORE",131636
"EU-15","trn_pass_urban","Walk",2010,"CORE",135330
"EU-15","trn_pass_urban","Walk",2015,"CORE",137521
"EU-15","trn_pass_urban","Walk",2021,"CORE",139612
"EU-15","trn_pass_road_urban","Bus",1975,"CORE",215005.706576039
"EU-15","trn_pass_road_urban","Bus",1990,"CORE",344879.901725376
"EU-15","trn_pass_road_urban","Bus",2005,"CORE",432789.739684903
"EU-15","trn_pass_road_urban","Bus",2010,"CORE",434291.432219544
"EU-15","trn_pass_road_urban","Bus",2015,"CORE",441112.156973624
"EU-15","trn_pass_road_urban","Bus",2021,"CORE",442803.367401433
"EU-15","trn_pass_road_LDV_urban","2W and 3W",1975,"CORE",53494.4667524164
"EU-15","trn_pass_road_LDV_urban","2W and 3W",1990,"CORE",87508.6869454748
"EU-15","trn_pass_road_LDV_urban","2W and 3W",2005,"CORE",107506.402506193
"EU-15","trn_pass_road_LDV_urban","2W and 3W",2010,"CORE",107618.205878774
"EU-15","trn_pass_road_LDV_urban","2W and 3W",2015,"CORE",109042.155611221
"EU-15","trn_pass_road_LDV_urban","2W and 3W",2021,"CORE",108546.775393357
"EU-15","trn_pass_road_LDV_4W_urban","Car",1975,"CORE",1078423.9729811
"EU-15","trn_pass_road_LDV_4W_urban","Car",1990,"CORE",1764000.12615114
"EU-15","trn_pass_road_LDV_4W_urban","Car",2005,"CORE",2167075.52500564
"EU-15","trn_pass_road_LDV_4W_urban","Car",2010,"CORE",2166166.24478365
"EU-15","trn_pass_road_LDV_4W_urban","Car",2015,"CORE",2191638.9575615
"EU-15","trn_pass_road_LDV_4W_urban","Car",2021,"CORE",2177747.45958311
"EU-15","trn_pass_road_LDV_4W_urban","Large Car and Truck",1975,"CORE",243260.525987305
"EU-15","trn_pass_road_LDV_4W_urban","Large Car and Truck",1990,"CORE",397904.223460132
"EU-15","trn_pass_road_LDV_4W_urban","Large Car and Truck",2005,"CORE",488827.269246988
"EU-15","trn_pass_road_LDV_4W_urban","Large Car and Truck",2010,"CORE",489344.273917532
"EU-15","trn_pass_road_LDV_4W_urban","Large Car and Truck",2015,"CORE",495873.365304047
"EU-15","trn_pass_road_LDV_4W_urban","Large Car and Truck",2021,"CORE",493662.893341888
"EU-15","trn_pass_road_LDV_4W_urban","Mini Car",1975,"CORE",1.08224554111206
"EU-15","trn_pass_road_LDV_4W_urban","Mini Car",1990,"CORE",7.89137373727543
"EU-15","trn_pass_road_LDV_4W_urban","Mini Car",2005,"CORE",16.1434959882549
"EU-15","trn_pass_road_LDV_4W_urban","Mini Car",2010,"CORE",23.1799581828333
"EU-15","trn_pass_road_LDV_4W_urban","Mini Car",2015,"CORE",17.9708997550767
"EU-15","trn_pass_road_LDV_4W_urban","Mini Car",2021,"CORE",19.4071859872133
"Europe_Non_EU","trn_pass_urban","Cycle",1975,"CORE",11191
"Europe_Non_EU","trn_pass_urban","Cycle",1990,"CORE",13589
"Europe_Non_EU","trn_pass_urban","Cycle",2005,"CORE",14789
"Europe_Non_EU","trn_pass_urban","Cycle",2010,"CORE",15068
"Europe_Non_EU","trn_pass_urban","Cycle",2015,"CORE",15608
"Europe_Non_EU","trn_pass_urban","Cycle",2021,"CORE",15998
"Europe_Non_EU","trn_pass_urban","Passenger Rail",1975,"CORE",15411.9575413235
"Europe_Non_EU","trn_pass_urban","Passenger Rail",1990,"CORE",7682.87135013998
"Europe_Non_EU","trn_pass_urban","Passenger Rail",2005,"CORE",8033.32741177011
"Europe_Non_EU","trn_pass_urban","Passenger Rail",2010,"CORE",8417.2398725069
"Europe_Non_EU","trn_pass_urban","Passenger Rail",2015,"CORE",10344.2575416826
"Europe_Non_EU","trn_pass_urban","Passenger Rail",2021,"CORE",13656.1522980043
"Europe_Non_EU","trn_pass_urban","Walk",1975,"CORE",33572
"Europe_Non_EU","trn_pass_urban","Walk",1990,"CORE",40767
"Europe_Non_EU","trn_pass_urban","Walk",2005,"CORE",44368
"Europe_Non_EU","trn_pass_urban","Walk",2010,"CORE",45205
"Europe_Non_EU","trn_pass_urban","Walk",2015,"CORE",46823
"Europe_Non_EU","trn_pass_urban","Walk",2021,"CORE",47993
"Europe_Non_EU","trn_pass_road_urban","Bus",1975,"CORE",22566.2712357895
"Europe_Non_EU","trn_pass_road_urban","Bus",1990,"CORE",37114.4302683628
"Europe_Non_EU","trn_pass_road_urban","Bus",2005,"CORE",41561.6805542666
"Europe_Non_EU","trn_pass_road_urban","Bus",2010,"CORE",51511.2891539213
"Europe_Non_EU","trn_pass_road_urban","Bus",2015,"CORE",65903.6289350637
"Europe_Non_EU","trn_pass_road_urban","Bus",2021,"CORE",79768.4590511643
"Europe_Non_EU","trn_pass_road_LDV_urban","2W and 3W",1975,"CORE",9013.932325932
"Europe_Non_EU","trn_pass_road_LDV_urban","2W and 3W",1990,"CORE",13423.2887409008
"Europe_Non_EU","trn_pass_road_LDV_urban","2W and 3W",2005,"CORE",13701.6754634329
"Europe_Non_EU","trn_pass_road_LDV_urban","2W and 3W",2010,"CORE",17304.3910413214
"Europe_Non_EU","trn_pass_road_LDV_urban","2W and 3W",2015,"CORE",21802.2595954816
"Europe_Non_EU","trn_pass_road_LDV_urban","2W and 3W",2021,"CORE",26977.8860480433
"Europe_Non_EU","trn_pass_road_LDV_4W_urban","Car",1975,"CORE",78047.9275384453
"Europe_Non_EU","trn_pass_road_LDV_4W_urban","Car",1990,"CORE",136069.451579862
"Europe_Non_EU","trn_pass_road_LDV_4W_urban","Car",2005,"CORE",167704.209797851
"Europe_Non_EU","trn_pass_road_LDV_4W_urban","Car",2010,"CORE",207611.513883823
"Europe_Non_EU","trn_pass_road_LDV_4W_urban","Car",2015,"CORE",295988.185348929
"Europe_Non_EU","trn_pass_road_LDV_4W_urban","Car",2021,"CORE",378192.61889473
"Europe_Non_EU","trn_pass_road_LDV_4W_urban","Large Car and Truck",1975,"CORE",10328.6306351138
"Europe_Non_EU","trn_pass_road_LDV_4W_urban","Large Car and Truck",1990,"CORE",19368.3075120873
"Europe_Non_EU","trn_pass_road_LDV_4W_urban","Large Car and Truck",2005,"CORE",22335.4431840393
"Europe_Non_EU","trn_pass_road_LDV_4W_urban","Large Car and Truck",2010,"CORE",28582.3886696932
"Europe_Non_EU","trn_pass_road_LDV_4W_urban","Large Car and Truck",2015,"CORE",47448.0473488177
"Europe_Non_EU","trn_pass_road_LDV_4W_urban","Large Car and Truck",2021,"CORE",62049.5265489765
"European Free Trade Association","trn_pass_urban","Cycle",1975,"CORE",1204
"European Free Trade Association","trn_pass_urban","Cycle",1990,"CORE",1277
"European Free Trade Association","trn_pass_urban","Cycle",2005,"CORE",1407
"European Free Trade Association","trn_pass_urban","Cycle",2010,"CORE",1485
"European Free Trade Association","trn_pass_urban","Cycle",2015,"CORE",1573
"European Free Trade Association","trn_pass_urban","Cycle",2021,"CORE",1648
"European Free Trade Association","trn_pass_urban","Passenger Rail",1975,"CORE",9564.01297240024
"European Free Trade Association","trn_pass_urban","Passenger Rail",1990,"CORE",12451.1838523332
"European Free Trade Association","trn_pass_urban","Passenger Rail",2005,"CORE",13632.702748461
"European Free Trade Association","trn_pass_urban","Passenger Rail",2010,"CORE",13217.7578676162
"European Free Trade Association","trn_pass_urban","Passenger Rail",2015,"CORE",15632.7972998788
"European Free Trade Association","trn_pass_urban","Passenger Rail",2021,"CORE",20023.4727295222
"European Free Trade Association","trn_pass_urban","Walk",1975,"CORE",3611
"European Free Trade Association","trn_pass_urban","Walk",1990,"CORE",3831
"European Free Trade Association","trn_pass_urban","Walk",2005,"CORE",4221
"European Free Trade Association","trn_pass_urban","Walk",2010,"CORE",4454
"European Free Trade Association","trn_pass_urban","Walk",2015,"CORE",4718
"European Free Trade Association","trn_pass_urban","Walk",2021,"CORE",4944
"European Free Trade Association","trn_pass_road_urban","Bus",1975,"CORE",7635.13322995338
"European Free Trade Association","trn_pass_road_urban","Bus",1990,"CORE",11808.2067662965
"European Free Trade Association","trn_pass_road_urban","Bus",2005,"CORE",14369.4844051545
"European Free Trade Association","trn_pass_road_urban","Bus",2010,"CORE",16802.0203047427
"European Free Trade Association","trn_pass_road_urban","Bus",2015,"CORE",19943.5089744598
"European Free Trade Association","trn_pass_road_urban","Bus",2021,"CORE",18924.631302525
"European Free Trade Association","trn_pass_road_LDV_urban","2W and 3W",1975,"CORE",1977.16514557873
"European Free Trade Association","trn_pass_road_LDV_urban","2W and 3W",1990,"CORE",3057.80384454917
"European Free Trade Association","trn_pass_road_LDV_urban","2W and 3W",2005,"CORE",3620.34843820816
"European Free Trade Association","trn_pass_road_LDV_urban","2W and 3W",2010,"CORE",3897.07740207856
"European Free Trade Association","trn_pass_road_LDV_urban","2W and 3W",2015,"CORE",3949.19625741757
"European Free Trade Association","trn_pass_road_LDV_urban","2W and 3W",2021,"CORE",3839.38320841746
"European Free Trade Association","trn_pass_road_LDV_4W_urban","Car",1975,"CORE",39857.183411856
"European Free Trade Association","trn_pass_road_LDV_4W_urban","Car",1990,"CORE",61641.8682533911
"European Free Trade Association","trn_pass_road_LDV_4W_urban","Car",2005,"CORE",72984.3734569792
"European Free Trade Association","trn_pass_road_LDV_4W_urban","Car",2010,"CORE",78461.4023532768
"European Free Trade Association","trn_pass_road_LDV_4W_urban","Car",2015,"CORE",79410.5936778218
"European Free Trade Association","trn_pass_road_LDV_4W_urban","Car",2021,"CORE",77062.8588964763
"European Free Trade Association","trn_pass_road_LDV_4W_urban","Large Car and Truck",1975,"CORE",8990.5407244103
"European Free Trade Association","trn_pass_road_LDV_4W_urban","Large Car and Truck",1990,"CORE",13904.4875558776
"European Free Trade Association","trn_pass_road_LDV_4W_urban","Large Car and Truck",2005,"CORE",16463.098006894
"European Free Trade Association","trn_pass_road_LDV_4W_urban","Large Car and Truck",2010,"CORE",17725.0100939519
"European Free Trade Association","trn_pass_road_LDV_4W_urban","Large Car and Truck",2015,"CORE",17968.1673147771
"European Free Trade Association","trn_pass_road_LDV_4W_urban","Large Car and Truck",2021,"CORE",17469.8427784412
"India","trn_pass_urban","Cycle",1975,"CORE",209368
"India","trn_pass_urban","Cycle",1990,"CORE",292282
"India","trn_pass_urban","Cycle",2005,"CORE",387707
"India","trn_pass_urban","Cycle",2010,"CORE",416576
"India","trn_pass_urban","Cycle",2015,"CORE",444195
"India","trn_pass_urban","Cycle",2021,"CORE",472635
"India","trn_pass_urban","Passenger Rail",1975,"CORE",69424.983423068
"India","trn_pass_urban","Passenger Rail",1990,"CORE",153776.754786285
"India","trn_pass_urban","Passenger Rail",2005,"CORE",344747.155017173
"India","trn_pass_urban","Passenger Rail",2010,"CORE",514430.067588159
"India","trn_pass_urban","Passenger Rail",2015,"CORE",670526.286464934
"India","trn_pass_urban","Passenger Rail",2021,"CORE",788073.537488237
"India","trn_pass_urban","Walk",1975,"CORE",395473
"India","trn_pass_urban","Walk",1990,"CORE",552088
"India","trn_pass_urban","Walk",2005,"CORE",732335
"India","trn_pass_urban","Walk",2010,"CORE",786865
"India","trn_pass_urban","Walk",2015,"CORE",839034
"India","trn_pass_urban","Walk",2021,"CORE",892754
"India","trn_pass_road_urban","Bus",1975,"CORE",64791.9675397361
"India","trn_pass_road_urban","Bus",1990,"CORE",144905.50402454
"India","trn_pass_road_urban","Bus",2005,"CORE",333188.309026565
"India","trn_pass_road_urban","Bus",2010,"CORE",570121.038793828
"India","trn_pass_road_urban","Bus",2015,"CORE",771253.255958195
"India","trn_pass_road_urban","Bus",2021,"CORE",950028.48669349
"India","trn_pass_road_LDV_urban","2W and 3W",1975,"CORE",88637.6836114342
"India","trn_pass_road_LDV_urban","2W and 3W",1990,"CORE",198235.387275386
"India","trn_pass_road_LDV_urban","2W and 3W",2005,"CORE",422364.804312185
"India","trn_pass_road_LDV_urban","2W and 3W",2010,"CORE",738040.665794649
"India","trn_pass_road_LDV_urban","2W and 3W",2015,"CORE",1030950.78586484
"India","trn_pass_road_LDV_urban","2W and 3W",2021,"CORE",1258326.09893119
"India","trn_pass_road_LDV_4W_urban","Car",1975,"CORE",6768.70109316605
"India","trn_pass_road_LDV_4W_urban","Car",1990,"CORE",15137.9643473998
"India","trn_pass_road_LDV_4W_urban","Car",2005,"CORE",33582.1479755983
"India","trn_pass_road_LDV_4W_urban","Car",2010,"CORE",57799.4582866642
"India","trn_pass_road_LDV_4W_urban","Car",2015,"CORE",79401.6012210119
"India","trn_pass_road_LDV_4W_urban","Car",2021,"CORE",97132.6676742258
"India","trn_pass_road_LDV_4W_urban","Large Car and Truck",1975,"CORE",3002.57109481908
"India","trn_pass_road_LDV_4W_urban","Large Car and Truck",1990,"CORE",6715.21278784164
"India","trn_pass_road_LDV_4W_urban","Large Car and Truck",2005,"CORE",13931.6001983488
"India","trn_pass_road_LDV_4W_urban","Large Car and Truck",2010,"CORE",24233.1851919617
"India","trn_pass_road_LDV_4W_urban","Large Car and Truck",2015,"CORE",33822.530951959
"India","trn_pass_road_LDV_4W_urban","Large Car and Truck",2021,"CORE",40578.6118115967
"India","trn_pass_road_LDV_4W_urban","Mini Car",1975,"CORE",3516.743579546
"India","trn_pass_road_LDV_4W_urban","Mini Car",1990,"CORE",7865.13076138098
"India","trn_pass_road_LDV_4W_urban","Mini Car",2005,"CORE",16317.2786995184
"India","trn_pass_road_LDV_4W_urban","Mini Car",2010,"CORE",27702.001203417
"India","trn_pass_road_LDV_4W_urban","Mini Car",2015,"CORE",37872.2387939418
"India","trn_pass_road_LDV_4W_urban","Mini Car",2021,"CORE",44106.890762156
"Indonesia","trn_pass_urban","Cycle",1975,"CORE",24166
"Indonesia","trn_pass_urban","Cycle",1990,"CORE",33548
"Indonesia","trn_pass_urban","Cycle",2005,"CORE",42139
"Indonesia","trn_pass_urban","Cycle",2010,"CORE",44940
"Indonesia","trn_pass_urban","Cycle",2015,"CORE",47717
"Indonesia","trn_pass_urban","Cycle",2021,"CORE",50417
"Indonesia","trn_pass_urban","Passenger Rail",1975,"CORE",1245.50149005251
"Indonesia","trn_pass_urban","Passenger Rail",1990,"CORE",3329.01731886267
"Indonesia","trn_pass_urban","Passenger Rail",2005,"CORE",7211.66527424793
"Indonesia","trn_pass_urban","Passenger Rail",2010,"CORE",9294.72364884079
"Indonesia","trn_pass_urban","Passenger Rail",2015,"CORE",15387.5687051052
"Indonesia","trn_pass_urban","Passenger Rail",2021,"CORE",18261.0365245495
"Indonesia","trn_pass_urban","Walk",1975,"CORE",45646
"Indonesia","trn_pass_urban","Walk",1990,"CORE",63369
"Indonesia","trn_pass_urban","Walk",2005,"CORE",79596
"Indonesia","trn_pass_urban","Walk",2010,"CORE",84888
"Indonesia","trn_pass_urban","Walk",2015,"CORE",90132
"Indonesia","trn_pass_urban","Walk",2021,"CORE",95233
"Indonesia","trn_pass_road_urban","Bus",1975,"CORE",44135.8887961611
"Indonesia","trn_pass_road_urban","Bus",1990,"CORE",117964.846061628
"Indonesia","trn_pass_road_urban","Bus",2005,"CORE",255776.866421557
"Indonesia","trn_pass_road_urban","Bus",2010,"CORE",329567.597263375
"Indonesia","trn_pass_road_urban","Bus",2015,"CORE",490240.472275439
"Indonesia","trn_pass_road_urban","Bus",2021,"CORE",578654.955311532
"Indonesia","trn_pass_road_LDV_urban","2W and 3W",1975,"CORE",61055.0026004061
"Indonesia","trn_pass_road_LDV_urban","2W and 3W",1990,"CORE",163185.956185667
"Indonesia","trn_pass_road_LDV_urban","2W and 3W",2005,"CORE",353526.366445219
"Indonesia","trn_pass_road_LDV_urban","2W and 3W",2010,"CORE",472576.275711262
"Indonesia","trn_pass_road_LDV_urban","2W and 3W",2015,"CORE",729472.324080855
"Indonesia","trn_pass_road_LDV_urban","2W and 3W",2021,"CORE",904505.035356804
"Indonesia","trn_pass_road_LDV_4W_urban","Car",1975,"CORE",10118.8334712784
"Indonesia","trn_pass_road_LDV_4W_urban","Car",1990,"CORE",27045.3456198477
"Indonesia","trn_pass_road_LDV_4W_urban","Car",2005,"CORE",58615.3874089913
"Indonesia","trn_pass_road_LDV_4W_urban","Car",2010,"CORE",76491.7015045955
"Indonesia","trn_pass_road_LDV_4W_urban","Car",2015,"CORE",115750.961709716
"Indonesia","trn_pass_road_LDV_4W_urban","Car",2021,"CORE",139162.033866917
"Indonesia","trn_pass_road_LDV_4W_urban","Large Car and Truck",1975,"CORE",2885.00696678751
"Indonesia","trn_pass_road_LDV_4W_urban","Large Car and Truck",1990,"CORE",7710.95166583144
"Indonesia","trn_pass_road_LDV_4W_urban","Large Car and Truck",2005,"CORE",16711.9075452272
"Indonesia","trn_pass_road_LDV_4W_urban","Large Car and Truck",2010,"CORE",22344.8343398573
"Indonesia","trn_pass_road_LDV_4W_urban","Large Car and Truck",2015,"CORE",34520.4956662368
"Indonesia","trn_pass_road_LDV_4W_urban","Large Car and Truck",2021,"CORE",42754.4274478773
"Indonesia","trn_pass_road_LDV_4W_urban","Mini Car",1975,"CORE",3957.69949844855
"Indonesia","trn_pass_road_LDV_4W_urban","Mini Car",1990,"CORE",10578.0137952774
"Indonesia","trn_pass_road_LDV_4W_urban","Mini Car",2005,"CORE",22925.7397726458
"Indonesia","trn_pass_road_LDV_4W_urban","Mini Car",2010,"CORE",29917.759616294
"Indonesia","trn_pass_road_LDV_4W_urban","Mini Car",2015,"CORE",45273.370455785
"Indonesia","trn_pass_road_LDV_4W_urban","Mini Car",2021,"CORE",54430.4249871763
"Japan","trn_pass_urban","Cycle",1975,"CORE",11619
"Japan","trn_pass_urban","Cycle",1990,"CORE",12784
"Japan","trn_pass_urban","Cycle",2005,"CORE",13209
"Japan","trn_pass_urban","Cycle",2010,"CORE",13241
"Japan","trn_pass_urban","Cycle",2015,"CORE",13152
"Japan","trn_pass_urban","Cycle",2021,"CORE",12880
"Japan","trn_pass_urban","Passenger Rail",1975,"CORE",98447.4609669001
"Japan","trn_pass_urban","Passenger Rail",1990,"CORE",126684.09947564
"Japan","trn_pass_urban","Passenger Rail",2005,"CORE",136957.934739839
"Japan","trn_pass_urban","Passenger Rail",2010,"CORE",139597.785367007
"Japan","trn_pass_urban","Passenger Rail",2015,"CORE",133208.489490016
"Japan","trn_pass_urban","Passenger Rail",2021,"CORE",129492.962642838
"Japan","trn_pass_urban","Walk",1975,"CORE",38836
"Japan","trn_pass_urban","Walk",1990,"CORE",42731
"Japan","trn_pass_urban","Walk",2005,"CORE",44152
"Japan","trn_pass_urban","Walk",2010,"CORE",44258
"Japan","trn_pass_urban","Walk",2015,"CORE",43963
"Japan","trn_pass_urban","Walk",2021,"CORE",43051
"Japan","trn_pass_road_urban","Bus",1975,"CORE",20824.286868173
"Japan","trn_pass_road_urban","Bus",1990,"CORE",38649.4429128313
"Japan","trn_pass_road_urban","Bus",2005,"CORE",47449.3506291005
"Japan","trn_pass_road_urban","Bus",2010,"CORE",43419.1237840538
"Japan","trn_pass_road_urban","Bus",2015,"CORE",39633.2786514362
"Japan","trn_pass_road_urban","Bus",2021,"CORE",34170.9475127062
"Japan","trn_pass_road_LDV_urban","2W and 3W",1975,"CORE",22536.0817800306
"Japan","trn_pass_road_LDV_urban","2W and 3W",1990,"CORE",41826.4538899848
"Japan","trn_pass_road_LDV_urban","2W and 3W",2005,"CORE",50520.2343595011
"Japan","trn_pass_road_LDV_urban","2W and 3W",2010,"CORE",47758.5913029492
"Japan","trn_pass_road_LDV_urban","2W and 3W",2015,"CORE",45529.6388528524
"Japan","trn_pass_road_LDV_urban","2W and 3W",2021,"CORE",41595.8569945189
"Japan","trn_pass_road_LDV_4W_urban","Car",1975,"CORE",99989.7854254752
"Japan","trn_pass_road_LDV_4W_urban","Car",1990,"CORE",185578.859575386
"Japan","trn_pass_road_LDV_4W_urban","Car",2005,"CORE",224152.34220187
"Japan","trn_pass_road_LDV_4W_urban","Car",2010,"CORE",211880.866750402
"Japan","trn_pass_road_LDV_4W_urban","Car",2015,"CORE",201973.533590258
"Japan","trn_pass_road_LDV_4W_urban","Car",2021,"CORE",184503.703266075
"Japan","trn_pass_road_LDV_4W_urban","Large Car and Truck",1975,"CORE",42915.130389713
"Japan","trn_pass_road_LDV_4W_urban","Large Car and Truck",1990,"CORE",79649.5543983364
"Japan","trn_pass_road_LDV_4W_urban","Large Car and Truck",2005,"CORE",96205.1127023639
"Japan","trn_pass_road_LDV_4W_urban","Large Car and Truck",2010,"CORE",90944.5728848026
"Japan","trn_pass_road_LDV_4W_urban","Large Car and Truck",2015,"CORE",86698.4439958913
"Japan","trn_pass_road_LDV_4W_urban","Large Car and Truck",2021,"CORE",79206.3623873861
"Japan","trn_pass_road_LDV_4W_urban","Mini Car",1975,"CORE",46431.7611544523
"Japan","trn_pass_road_LDV_4W_urban","Mini Car",1990,"CORE",86176.3462914833
"Japan","trn_pass_road_LDV_4W_urban","Mini Car",2005,"CORE",104088.499773845
"Japan","trn_pass_road_LDV_4W_urban","Mini Car",2010,"CORE",98396.8244045369
"Japan","trn_pass_road_LDV_4W_urban","Mini Car",2015,"CORE",93802.6624704679
"Japan","trn_pass_road_LDV_4W_urban","Mini Car",2021,"CORE",85696.6215769061
"Mexico","trn_pass_urban","Cycle",1975,"CORE",18049
"Mexico","trn_pass_urban","Cycle",1990,"CORE",25131
"Mexico","trn_pass_urban","Cycle",2005,"CORE",32427
"Mexico","trn_pass_urban","Cycle",2010,"CORE",34607
"Mexico","trn_pass_urban","Cycle",2015,"CORE",36950
"Mexico","trn_pass_urban","Cycle",2021,"CORE",38966
"Mexico","trn_pass_urban","Passenger Rail",1975,"CORE",512.56048797133
"Mexico","trn_pass_urban","Passenger Rail",1990,"CORE",1079.32104275693
"Mexico","trn_pass_urban","Passenger Rail",2005,"CORE",1600.40120059847
"Mexico","trn_pass_urban","Passenger Rail",2010,"CORE",1707.71153542812
"Mexico","trn_pass_urban","Passenger Rail",2015,"CORE",1627.21433038132
"Mexico","trn_pass_urban","Passenger Rail",2021,"CORE",2412.92582851906
"Mexico","trn_pass_urban","Walk",1975,"CORE",57515
"Mexico","trn_pass_urban","Walk",1990,"CORE",80082
"Mexico","trn_pass_urban","Walk",2005,"CORE",103328
"Mexico","trn_pass_urban","Walk",2010,"CORE",110276
"Mexico","trn_pass_urban","Walk",2015,"CORE",117741
"Mexico","trn_pass_urban","Walk",2021,"CORE",124165
"Mexico","trn_pass_road_urban","Bus",1975,"CORE",52428.3126360039
"Mexico","trn_pass_road_urban","Bus",1990,"CORE",101389.290066026
"Mexico","trn_pass_road_urban","Bus",2005,"CORE",157870.518158171
"Mexico","trn_pass_road_urban","Bus",2010,"CORE",183330.870696679
"Mexico","trn_pass_road_urban","Bus",2015,"CORE",183230.006598138
"Mexico","trn_pass_road_urban","Bus",2021,"CORE",129821.211281399
"Mexico","trn_pass_road_LDV_urban","2W and 3W",1975,"CORE",15130.7082290195
"Mexico","trn_pass_road_LDV_urban","2W and 3W",1990,"CORE",29260.7005520103
"Mexico","trn_pass_road_LDV_urban","2W and 3W",2005,"CORE",45535.1721856405
"Mexico","trn_pass_road_LDV_urban","2W and 3W",2010,"CORE",54901.1968054549
"Mexico","trn_pass_road_LDV_urban","2W and 3W",2015,"CORE",57023.280765774
"Mexico","trn_pass_road_LDV_urban","2W and 3W",2021,"CORE",42294.5927440397
"Mexico","trn_pass_road_LDV_4W_urban","Car",1975,"CORE",56642.7779039242
"Mexico","trn_pass_road_LDV_4W_urban","Car",1990,"CORE",109539.558390731
"Mexico","trn_pass_road_LDV_4W_urban","Car",2005,"CORE",170576.947867372
"Mexico","trn_pass_road_LDV_4W_urban","Car",2010,"CORE",205592.779812409
"Mexico","trn_pass_road_LDV_4W_urban","Car",2015,"CORE",213600.54227511
"Mexico","trn_pass_road_LDV_4W_urban","Car",2021,"CORE",158635.563620548
"Mexico","trn_pass_road_LDV_4W_urban","Large Car and Truck",1975,"CORE",10605.6140609063
"Mexico","trn_pass_road_LDV_4W_urban","Large Car and Truck",1990,"CORE",20509.8671435456
"Mexico","trn_pass_road_LDV_4W_urban","Large Car and Truck",2005,"CORE",31946.155132303
"Mexico","trn_pass_road_LDV_4W_urban","Large Car and Truck",2010,"CORE",38499.0587213825
"Mexico","trn_pass_road_LDV_4W_urban","Large Car and Truck",2015,"CORE",40002.6782691575
"Mexico","trn_pass_road_LDV_4W_urban","Large Car and Truck",2021,"CORE",29723.1265186156
"Mexico","trn_pass_road_LDV_4W_urban","Mini Car",1975,"CORE",11648.1636654249
"Mexico","trn_pass_road_LDV_4W_urban","Mini Car",1990,"CORE",22525.993973399
"Mexico","trn_pass_road_LDV_4W_urban","Mini Car",2005,"CORE",35095.7065450769
"Mexico","trn_pass_road_LDV_4W_urban","Mini Car",2010,"CORE",42289.2717045747
"Mexico","trn_pass_road_LDV_4W_urban","Mini Car",2015,"CORE",43946.2660134566
"Mexico","trn_pass_road_LDV_4W_urban","Mini Car",2021,"CORE",32670.3458743639
"Middle East","trn_pass_urban","Cycle",1975,"CORE",14194
"Middle East","trn_pass_urban","Cycle",1990,"CORE",24101
"Middle East","trn_pass_urban","Cycle",2005,"CORE",34493
"Middle East","trn_pass_urban","Cycle",2010,"CORE",39662
"Middle East","trn_pass_urban","Cycle",2015,"CORE",44193
"Middle East","trn_pass_urban","Cycle",2021,"CORE",48695
"Middle East","trn_pass_urban","Passenger Rail",1975,"CORE",0
"Middle East","trn_pass_urban","Passenger Rail",1990,"CORE",0
"Middle East","trn_pass_urban","Passenger Rail",2005,"CORE",4080.96853744606
"Middle East","trn_pass_urban","Passenger Rail",2010,"CORE",11841.2787967559
"Middle East","trn_pass_urban","Passenger Rail",2015,"CORE",21649.8323182247
"Middle East","trn_pass_urban","Passenger Rail",2021,"CORE",22393.9498315675
"Middle East","trn_pass_urban","Walk",1975,"CORE",28388
"Middle East","trn_pass_urban","Walk",1990,"CORE",48202
"Middle East","trn_pass_urban","Walk",2005,"CORE",68985
"Middle East","trn_pass_urban","Walk",2010,"CORE",79322
"Middle East","trn_pass_urban","Walk",2015,"CORE",88385
"Middle East","trn_pass_urban","Walk",2021,"CORE",97388
"Middle East","trn_pass_road_urban","Bus",1975,"CORE",61967.4186665955
"Middle East","trn_pass_road_urban","Bus",1990,"CORE",238675.315801493
"Middle East","trn_pass_road_urban","Bus",2005,"CORE",450977.517672186
"Middle East","trn_pass_road_urban","Bus",2010,"CORE",547970.533356265
"Middle East","trn_pass_road_urban","Bus",2015,"CORE",638039.268861478
"Middle East","trn_pass_road_urban","Bus",2021,"CORE",620076.207188675
"Middle East","trn_pass_road_LDV_urban","2W and 3W",1975,"CORE",16183.0356951667
"Middle East","trn_pass_road_LDV_urban","2W and 3W",1990,"CORE",62331.1591314549
"Middle East","trn_pass_road_LDV_urban","2W and 3W",2005,"CORE",117774.910039624
"Middle East","trn_pass_road_LDV_urban","2W and 3W",2010,"CORE",148532.105443377
"Middle East","trn_pass_road_LDV_urban","2W and 3W",2015,"CORE",179770.120343718
"Middle East","trn_pass_road_LDV_urban","2W and 3W",2021,"CORE",183096.618383824
"Middle East","trn_pass_road_LDV_4W_urban","Car",1975,"CORE",76491.3508453159
"Middle East","trn_pass_road_LDV_4W_urban","Car",1990,"CORE",294616.171111453
"Middle East","trn_pass_road_LDV_4W_urban","Car",2005,"CORE",559168.51447438
"Middle East","trn_pass_road_LDV_4W_urban","Car",2010,"CORE",731026.548450877
"Middle East","trn_pass_road_LDV_4W_urban","Car",2015,"CORE",874683.02631733
"Middle East","trn_pass_road_LDV_4W_urban","Car",2021,"CORE",873986.168175329
"Middle East","trn_pass_road_LDV_4W_urban","Large Car and Truck",1975,"CORE",5921.68596118158
"Middle East","trn_pass_road_LDV_4W_urban","Large Car and Truck",1990,"CORE",22808.1076384778
"Middle East","trn_pass_road_LDV_4W_urban","Large Car and Truck",2005,"CORE",43288.8089813046
"Middle East","trn_pass_road_LDV_4W_urban","Large Car and Truck",2010,"CORE",56593.5695078348
"Middle East","trn_pass_road_LDV_4W_urban","Large Car and Truck",2015,"CORE",67714.8480514774
"Middle East","trn_pass_road_LDV_4W_urban","Large Car and Truck",2021,"CORE",67660.8199932162
"Middle East","trn_pass_road_LDV_4W_urban","Mini Car",1975,"CORE",25378.5835463088
"Middle East","trn_pass_road_LDV_4W_urban","Mini Car",1990,"CORE",97748.7794731904
"Middle East","trn_pass_road_LDV_4W_urban","Mini Car",2005,"CORE",185853.544089106
"Middle East","trn_pass_road_LDV_4W_urban","Mini Car",2010,"CORE",248623.238519924
"Middle East","trn_pass_road_LDV_4W_urban","Mini Car",2015,"CORE",298479.998609864
"Middle East","trn_pass_road_LDV_4W_urban","Mini Car",2021,"CORE",299376.408727007
"Pakistan","trn_pass_urban","Cycle",1975,"CORE",12547
"Pakistan","trn_pass_urban","Cycle",1990,"CORE",21256
"Pakistan","trn_pass_urban","Cycle",2005,"CORE",32114
"Pakistan","trn_pass_urban","Cycle",2010,"CORE",35813
"Pakistan","trn_pass_urban","Cycle",2015,"CORE",38854
"Pakistan","trn_pass_urban","Cycle",2021,"CORE",42617
"Pakistan","trn_pass_urban","Passenger Rail",1975,"CORE",651.899135929989
"Pakistan","trn_pass_urban","Passenger Rail",1990,"CORE",1767.1976308942
"Pakistan","trn_pass_urban","Passenger Rail",2005,"CORE",2856.89961659994
"Pakistan","trn_pass_urban","Passenger Rail",2010,"CORE",3074.18883933969
"Pakistan","trn_pass_urban","Passenger Rail",2015,"CORE",4640.61951620989
"Pakistan","trn_pass_urban","Passenger Rail",2021,"CORE",6100.62840785957
"Pakistan","trn_pass_urban","Walk",1975,"CORE",23700
"Pakistan","trn_pass_urban","Walk",1990,"CORE",40150
"Pakistan","trn_pass_urban","Walk",2005,"CORE",60660
"Pakistan","trn_pass_urban","Walk",2010,"CORE",67646
"Pakistan","trn_pass_urban","Walk",2015,"CORE",73391
"Pakistan","trn_pass_urban","Walk",2021,"CORE",80500
"Pakistan","trn_pass_road_urban","Bus",1975,"CORE",15495.219594921
"Pakistan","trn_pass_road_urban","Bus",1990,"CORE",55016.7240210178
"Pakistan","trn_pass_road_urban","Bus",2005,"CORE",137970.655680615
"Pakistan","trn_pass_road_urban","Bus",2010,"CORE",223007.564195104
"Pakistan","trn_pass_road_urban","Bus",2015,"CORE",229299.808443609
"Pakistan","trn_pass_road_urban","Bus",2021,"CORE",273119.672292417
"Pakistan","trn_pass_road_LDV_urban","2W and 3W",1975,"CORE",21435.2677047161
"Pakistan","trn_pass_road_LDV_urban","2W and 3W",1990,"CORE",76107.0648910622
"Pakistan","trn_pass_road_LDV_urban","2W and 3W",2005,"CORE",138875.008995359
"Pakistan","trn_pass_road_LDV_urban","2W and 3W",2010,"CORE",163064.752739605
"Pakistan","trn_pass_road_LDV_urban","2W and 3W",2015,"CORE",248939.519376567
"Pakistan","trn_pass_road_LDV_urban","2W and 3W",2021,"CORE",340764.111039912
"Pakistan","trn_pass_road_LDV_4W_urban","Car",1975,"CORE",3552.55416048254
"Pakistan","trn_pass_road_LDV_4W_urban","Car",1990,"CORE",12613.4890811525
"Pakistan","trn_pass_road_LDV_4W_urban","Car",2005,"CORE",27221.0657537866
"Pakistan","trn_pass_road_LDV_4W_urban","Car",2010,"CORE",38776.7959326013
"Pakistan","trn_pass_road_LDV_4W_urban","Car",2015,"CORE",46650.026792407
"Pakistan","trn_pass_road_LDV_4W_urban","Car",2021,"CORE",58888.5763800977
"Pakistan","trn_pass_road_LDV_4W_urban","Large Car and Truck",1975,"CORE",1012.85052509475
"Pakistan","trn_pass_road_LDV_4W_urban","Large Car and Truck",1990,"CORE",3596.24902249451
"Pakistan","trn_pass_road_LDV_4W_urban","Large Car and Truck",2005,"CORE",7761.01251167234
"Pakistan","trn_pass_road_LDV_4W_urban","Large Car and Truck",2010,"CORE",11327.5430424973
"Pakistan","trn_pass_road_LDV_4W_urban","Large Car and Truck",2015,"CORE",13912.5373783803
"Pakistan","trn_pass_road_LDV_4W_urban","Large Car and Truck",2021,"CORE",18092.2288624284
"Pakistan","trn_pass_road_LDV_4W_urban","Mini Car",1975,"CORE",1389.46084812059
"Pakistan","trn_pass_road_LDV_4W_urban","Mini Car",1990,"CORE",4933.43305523783
"Pakistan","trn_pass_road_LDV_4W_urban","Mini Car",2005,"CORE",10646.8769876859
"Pakistan","trn_pass_road_LDV_4W_urban","Mini Car",2010,"CORE",15166.9379455372
"Pakistan","trn_pass_road_LDV_4W_urban","Mini Car",2015,"CORE",18246.3012006573
"Pakistan","trn_pass_road_LDV_4W_urban","Mini Car",2021,"CORE",23033.2431439306
"Russia","trn_pass_urban","Cycle",1975,"CORE",35677
"Russia","trn_pass_urban","Cycle",1990,"CORE",39452
"Russia","trn_pass_urban","Cycle",2005,"CORE",38331
"Russia","trn_pass_urban","Cycle",2010,"CORE",38183
"Russia","trn_pass_urban","Cycle",2015,"CORE",38563
"Russia","trn_pass_urban","Cycle",2021,"CORE",38679
"Russia","trn_pass_urban","Passenger Rail",1975,"CORE",57457.2531900308
"Russia","trn_pass_urban","Passenger Rail",1990,"CORE",118849.405398152
"Russia","trn_pass_urban","Passenger Rail",2005,"CORE",99966.2896746632
"Russia","trn_pass_urban","Passenger Rail",2010,"CORE",105480.921106695
"Russia","trn_pass_urban","Passenger Rail",2015,"CORE",110236.049954212
"Russia","trn_pass_urban","Passenger Rail",2021,"CORE",110055.345809515
"Russia","trn_pass_urban","Walk",1975,"CORE",107031
"Russia","trn_pass_urban","Walk",1990,"CORE",118357
"Russia","trn_pass_urban","Walk",2005,"CORE",114994
"Russia","trn_pass_urban","Walk",2010,"CORE",114548
"Russia","trn_pass_urban","Walk",2015,"CORE",115689
"Russia","trn_pass_urban","Walk",2021,"CORE",116036
"Russia","trn_pass_road_urban","Bus",1975,"CORE",108366.475706502
"Russia","trn_pass_road_urban","Bus",1990,"CORE",178536.825266298
"Russia","trn_pass_road_urban","Bus",2005,"CORE",108599.285521592
"Russia","trn_pass_road_urban","Bus",2010,"CORE",133788.080094972
"Russia","trn_pass_road_urban","Bus",2015,"CORE",142560.209708841
"Russia","trn_pass_road_urban","Bus",2021,"CORE",166833.694588032
"Russia","trn_pass_road_LDV_urban","2W and 3W",1975,"CORE",56086.6398728959
"Russia","trn_pass_road_LDV_urban","2W and 3W",1990,"CORE",89140.5257578506
"Russia","trn_pass_road_LDV_urban","2W and 3W",2005,"CORE",62049.0504011007
"Russia","trn_pass_road_LDV_urban","2W and 3W",2010,"CORE",78652.201934643
"Russia","trn_pass_road_LDV_urban","2W and 3W",2015,"CORE",87656.1380753779
"Russia","trn_pass_road_LDV_urban","2W and 3W",2021,"CORE",101207.96307952
"Russia","trn_pass_road_LDV_4W_urban","Car",1975,"CORE",227514.451479086
"Russia","trn_pass_road_LDV_4W_urban","Car",1990,"CORE",362113.264892361
"Russia","trn_pass_road_LDV_4W_urban","Car",2005,"CORE",250777.041410899
"Russia","trn_pass_road_LDV_4W_urban","Car",2010,"CORE",317975.57964587
"Russia","trn_pass_road_LDV_4W_urban","Car",2015,"CORE",354294.857034405
"Russia","trn_pass_road_LDV_4W_urban","Car",2021,"CORE",409963.771640072
"Russia","trn_pass_road_LDV_4W_urban","Large Car and Truck",1975,"CORE",28322.4752349104
"Russia","trn_pass_road_LDV_4W_urban","Large Car and Truck",1990,"CORE",45078.1802727239
"Russia","trn_pass_road_LDV_4W_urban","Large Car and Truck",2005,"CORE",31218.417198209
"Russia","trn_pass_road_LDV_4W_urban","Large Car and Truck",2010,"CORE",39583.7801640021
"Russia","trn_pass_road_LDV_4W_urban","Large Car and Truck",2015,"CORE",44105.0920139299
"Russia","trn_pass_road_LDV_4W_urban","Large Car and Truck",2021,"CORE",51035.1868478326
"South Africa","trn_pass_urban","Cycle",1975,"CORE",6940
"South Africa","trn_pass_urban","Cycle",1990,"CORE",10736
"South Africa","trn_pass_urban","Cycle",2005,"CORE",13197
"South Africa","trn_pass_urban","Cycle",2010,"CORE",13942
"South Africa","trn_pass_urban","Cycle",2015,"CORE",15043
"South Africa","trn_pass_urban","Cycle",2021,"CORE",15990
"South Africa","trn_pass_urban","Passenger Rail",1975,"CORE",13651.3777457453
"South Africa","trn_pass_urban","Passenger Rail",1990,"CORE",17173.8532260781
"South Africa","trn_pass_urban","Passenger Rail",2005,"CORE",23411.4956727225
"South Africa","trn_pass_urban","Passenger Rail",2010,"CORE",15449.79203596
"South Africa","trn_pass_urban","Passenger Rail",2015,"CORE",15189.5249114841
"South Africa","trn_pass_urban","Passenger Rail",2021,"CORE",10606.1924174914
"South Africa","trn_pass_urban","Walk",1975,"CORE",20820
"South Africa","trn_pass_urban","Walk",1990,"CORE",32208
"South Africa","trn_pass_urban","Walk",2005,"CORE",39590
"South Africa","trn_pass_urban","Walk",2010,"CORE",41825
"South Africa","trn_pass_urban","Walk",2015,"CORE",45130
"South Africa","trn_pass_urban","Walk",2021,"CORE",47970
"South Africa","trn_pass_road_urban","Bus",1975,"CORE",63960.4879373068
"South Africa","trn_pass_road_urban","Bus",1990,"CORE",87698.2455739923
"South Africa","trn_pass_road_urban","Bus",2005,"CORE",124340.380809662
"South Africa","trn_pass_road_urban","Bus",2010,"CORE",138841.864808208
"South Africa","trn_pass_road_urban","Bus",2015,"CORE",159226.6898544
"South Africa","trn_pass_road_urban","Bus",2021,"CORE",139658.261057414
"South Africa","trn_pass_road_LDV_urban","2W and 3W",1975,"CORE",5549.92291643342
"South Africa","trn_pass_road_LDV_urban","2W and 3W",1990,"CORE",7609.61287831862
"South Africa","trn_pass_road_LDV_urban","2W and 3W",2005,"CORE",10789.0543960564
"South Africa","trn_pass_road_LDV_urban","2W and 3W",2010,"CORE",12504.292963576
"South Africa","trn_pass_road_LDV_urban","2W and 3W",2015,"CORE",14906.1530385582
"South Africa","trn_pass_road_LDV_urban","2W and 3W",2021,"CORE",13701.9423009998
"South Africa","trn_pass_road_LDV_4W_urban","Car",1975,"CORE",20641.8909882907
"South Africa","trn_pass_road_LDV_4W_urban","Car",1990,"CORE",28302.7457786372
"South Africa","trn_pass_road_LDV_4W_urban","Car",2005,"CORE",40128.2423138076
"South Africa","trn_pass_road_LDV_4W_urban","Car",2010,"CORE",45392.1806373572
"South Africa","trn_pass_road_LDV_4W_urban","Car",2015,"CORE",53003.0137289326
"South Africa","trn_pass_road_LDV_4W_urban","Car",2021,"CORE",47294.7923424661
"South Africa","trn_pass_road_LDV_4W_urban","Large Car and Truck",1975,"CORE",9156.62675097093
"South Africa","trn_pass_road_LDV_4W_urban","Large Car and Truck",1990,"CORE",12554.9590018576
"South Africa","trn_pass_road_LDV_4W_urban","Large Car and Truck",2005,"CORE",17800.6955401746
"South Africa","trn_pass_road_LDV_4W_urban","Large Car and Truck",2010,"CORE",20630.9646157084
"South Africa","trn_pass_road_LDV_4W_urban","Large Car and Truck",2015,"CORE",24594.210139182
"South Africa","trn_pass_road_LDV_4W_urban","Large Car and Truck",2021,"CORE",22607.7590805698
"South Africa","trn_pass_road_LDV_4W_urban","Mini Car",1975,"CORE",10724.7280473672
"South Africa","trn_pass_road_LDV_4W_urban","Mini Car",1990,"CORE",14704.9866485682
"South Africa","trn_pass_road_LDV_4W_urban","Mini Car",2005,"CORE",20849.0463758196
"South Africa","trn_pass_road_LDV_4W_urban","Mini Car",2010,"CORE",23583.9377976088
"South Africa","trn_pass_road_LDV_4W_urban","Mini Car",2015,"CORE",27538.1788024326
"South Africa","trn_pass_road_LDV_4W_urban","Mini Car",2021,"CORE",24572.3538557057
"South America_Northern","trn_pass_urban","Cycle",1975,"CORE",4419
"South America_Northern","trn_pass_urban","Cycle",1990,"CORE",6466
"South America_Northern","trn_pass_urban","Cycle",2005,"CORE",8656
"South America_Northern","trn_pass_urban","Cycle",2010,"CORE",9299
"South America_Northern","trn_pass_urban","Cycle",2015,"CORE",9877
"South America_Northern","trn_pass_urban","Cycle",2021,"CORE",9200
"South America_Northern","trn_pass_urban","Passenger Rail",1975,"CORE",21.2221251745772
"South America_Northern","trn_pass_urban","Passenger Rail",1990,"CORE",398.178971278926
"South America_Northern","trn_pass_urban","Passenger Rail",2005,"CORE",392.917472144092
"South America_Northern","trn_pass_urban","Passenger Rail",2010,"CORE",449.373412290441
"South America_Northern","trn_pass_urban","Passenger Rail",2015,"CORE",51.7093828569319
"South America_Northern","trn_pass_urban","Passenger Rail",2021,"CORE",14.6321141880108
"South America_Northern","trn_pass_urban","Walk",1975,"CORE",14080
"South America_Northern","trn_pass_urban","Walk",1990,"CORE",20603
"South America_Northern","trn_pass_urban","Walk",2005,"CORE",27582
"South America_Northern","trn_pass_urban","Walk",2010,"CORE",29631
"South America_Northern","trn_pass_urban","Walk",2015,"CORE",31473
"South America_Northern","trn_pass_urban","Walk",2021,"CORE",29315
"South America_Northern","trn_pass_road_urban","Bus",1975,"CORE",24304.9925264364
"South America_Northern","trn_pass_road_urban","Bus",1990,"CORE",36776.1764543844
"South America_Northern","trn_pass_road_urban","Bus",2005,"CORE",54529.0753453202
"South America_Northern","trn_pass_road_urban","Bus",2010,"CORE",63512.3800576045
"South America_Northern","trn_pass_road_urban","Bus",2015,"CORE",59274.071622061
"South America_Northern","trn_pass_road_urban","Bus",2021,"CORE",16777.325630773
"South America_Northern","trn_pass_road_LDV_urban","2W and 3W",1975,"CORE",7014.3481863201
"South America_Northern","trn_pass_road_LDV_urban","2W and 3W",1990,"CORE",10613.525427429
"South America_Northern","trn_pass_road_LDV_urban","2W and 3W",2005,"CORE",15563.5502290393
"South America_Northern","trn_pass_road_LDV_urban","2W and 3W",2010,"CORE",19011.5253446573
"South America_Northern","trn_pass_road_LDV_urban","2W and 3W",2015,"CORE",18412.6291642817
"South America_Northern","trn_pass_road_LDV_urban","2W and 3W",2021,"CORE",5454.67976972799
"South America_Northern","trn_pass_road_LDV_4W_urban","Car",1975,"CORE",26258.7153400262
"South America_Northern","trn_pass_road_LDV_4W_urban","Car",1990,"CORE",39732.4839349618
"South America_Northern","trn_pass_road_LDV_4W_urban","Car",2005,"CORE",59018.4723176422
"South America_Northern","trn_pass_road_LDV_4W_urban","Car",2010,"CORE",71229.5694246158
"South America_Northern","trn_pass_road_LDV_4W_urban","Car",2015,"CORE",69119.1762739018
"South America_Northern","trn_pass_road_LDV_4W_urban","Car",2021,"CORE",20507.5874639008
"South America_Northern","trn_pass_road_LDV_4W_urban","Large Car and Truck",1975,"CORE",4916.59947426907
"South America_Northern","trn_pass_road_LDV_4W_urban","Large Car and Truck",1990,"CORE",7439.39594354422
"South America_Northern","trn_pass_road_LDV_4W_urban","Large Car and Truck",2005,"CORE",11102.8465652842
"South America_Northern","trn_pass_road_LDV_4W_urban","Large Car and Truck",2010,"CORE",13340.8544472377
"South America_Northern","trn_pass_road_LDV_4W_urban","Large Car and Truck",2015,"CORE",12954.7741685033
"South America_Northern","trn_pass_road_LDV_4W_urban","Large Car and Truck",2021,"CORE",3845.81225661633
"South America_Northern","trn_pass_road_LDV_4W_urban","Mini Car",1975,"CORE",5399.90922094283
"South America_Northern","trn_pass_road_LDV_4W_urban","Mini Car",1990,"CORE",8170.68327401076
"South America_Northern","trn_pass_road_LDV_4W_urban","Mini Car",2005,"CORE",12255.845136185
"South America_Northern","trn_pass_road_LDV_4W_urban","Mini Car",2010,"CORE",14657.149517646
"South America_Northern","trn_pass_road_LDV_4W_urban","Mini Car",2015,"CORE",14243.9960606434
"South America_Northern","trn_pass_road_LDV_4W_urban","Mini Car",2021,"CORE",4231.0690943825
"South America_Southern","trn_pass_urban","Cycle",1975,"CORE",13501
"South America_Southern","trn_pass_urban","Cycle",1990,"CORE",18505
"South America_Southern","trn_pass_urban","Cycle",2005,"CORE",23454
"South America_Southern","trn_pass_urban","Cycle",2010,"CORE",24777
"South America_Southern","trn_pass_urban","Cycle",2015,"CORE",26278
"South America_Southern","trn_pass_urban","Cycle",2021,"CORE",28667
"South America_Southern","trn_pass_urban","Passenger Rail",1975,"CORE",264.032702029671
"South America_Southern","trn_pass_urban","Passenger Rail",1990,"CORE",539.105749912592
"South America_Southern","trn_pass_urban","Passenger Rail",2005,"CORE",544.935231609079
"South America_Southern","trn_pass_urban","Passenger Rail",2010,"CORE",5494.05109615199
"South America_Southern","trn_pass_urban","Passenger Rail",2015,"CORE",2013.16530763307
"South America_Southern","trn_pass_urban","Passenger Rail",2021,"CORE",2180.82119303222
"South America_Southern","trn_pass_urban","Walk",1975,"CORE",43021
"South America_Southern","trn_pass_urban","Walk",1990,"CORE",58968
"South America_Southern","trn_pass_urban","Walk",2005,"CORE",74735
"South America_Southern","trn_pass_urban","Walk",2010,"CORE",78952
"South America_Southern","trn_pass_urban","Walk",2015,"CORE",83735
"South America_Southern","trn_pass_urban","Walk",2021,"CORE",91347
"South America_Southern","trn_pass_road_urban","Bus",1975,"CORE",19680.6120669927
"South America_Southern","trn_pass_road_urban","Bus",1990,"CORE",32062.6964328079
"South America_Southern","trn_pass_road_urban","Bus",2005,"CORE",53123.2161964806
"South America_Southern","trn_pass_road_urban","Bus",2010,"CORE",76283.6752533159
"South America_Southern","trn_pass_road_urban","Bus",2015,"CORE",98253.6613021821
"South America_Southern","trn_pass_road_urban","Bus",2021,"CORE",111174.905687861
"South America_Southern","trn_pass_road_LDV_urban","2W and 3W",1975,"CORE",5679.79606130992
"South America_Southern","trn_pass_road_LDV_urban","2W and 3W",1990,"CORE",9243.47567807858
"South America_Southern","trn_pass_road_LDV_urban","2W and 3W",2005,"CORE",15088.2520133073
"South America_Southern","trn_pass_road_LDV_urban","2W and 3W",2010,"CORE",21563.3846130691
"South America_Southern","trn_pass_road_LDV_urban","2W and 3W",2015,"CORE",28418.4608906218
"South America_Southern","trn_pass_road_LDV_urban","2W and 3W",2021,"CORE",34170.9815278825
"South America_Southern","trn_pass_road_LDV_4W_urban","Car",1975,"CORE",21262.7205177162
"South America_Southern","trn_pass_road_LDV_4W_urban","Car",1990,"CORE",34646.0952321515
"South America_Southern","trn_pass_road_LDV_4W_urban","Car",2005,"CORE",57542.316603562
"South America_Southern","trn_pass_road_LDV_4W_urban","Car",2010,"CORE",86320.3040592967
"South America_Southern","trn_pass_road_LDV_4W_urban","Car",2015,"CORE",115825.028619687
"South America_Southern","trn_pass_road_LDV_4W_urban","Car",2021,"CORE",137049.384420849
"South America_Southern","trn_pass_road_LDV_4W_urban","Large Car and Truck",1975,"CORE",3981.16266530295
"South America_Southern","trn_pass_road_LDV_4W_urban","Large Car and Truck",1990,"CORE",6489.98052735149
"South America_Southern","trn_pass_road_LDV_4W_urban","Large Car and Truck",2005,"CORE",10847.5100237392
"South America_Southern","trn_pass_road_LDV_4W_urban","Large Car and Truck",2010,"CORE",16550.7158118232
"South America_Southern","trn_pass_road_LDV_4W_urban","Large Car and Truck",2015,"CORE",22341.6611355038
"South America_Southern","trn_pass_road_LDV_4W_urban","Large Car and Truck",2021,"CORE",26293.9497974629
"South America_Southern","trn_pass_road_LDV_4W_urban","Mini Car",1975,"CORE",4372.49745391378
"South America_Southern","trn_pass_road_LDV_4W_urban","Mini Car",1990,"CORE",7131.3732101883
"South America_Southern","trn_pass_road_LDV_4W_urban","Mini Car",2005,"CORE",12000.187727026
"South America_Southern","trn_pass_road_LDV_4W_urban","Mini Car",2010,"CORE",18634.2487555641
"South America_Southern","trn_pass_road_LDV_4W_urban","Mini Car",2015,"CORE",25308.1308141584
"South America_Southern","trn_pass_road_LDV_4W_urban","Mini Car",2021,"CORE",29623.8510111696
"South Asia","trn_pass_urban","Cycle",1975,"CORE",21169
"South Asia","trn_pass_urban","Cycle",1990,"CORE",28629
"South Asia","trn_pass_urban","Cycle",2005,"CORE",39091
"South Asia","trn_pass_urban","Cycle",2010,"CORE",41526
"South Asia","trn_pass_urban","Cycle",2015,"CORE",44516
"South Asia","trn_pass_urban","Cycle",2021,"CORE",48356
"South Asia","trn_pass_urban","Passenger Rail",1975,"CORE",354.44148662927
"South Asia","trn_pass_urban","Passenger Rail",1990,"CORE",714.642982300512
"South Asia","trn_pass_urban","Passenger Rail",2005,"CORE",1583.60657215968
"South Asia","trn_pass_urban","Passenger Rail",2010,"CORE",2167.91733857038
"South Asia","trn_pass_urban","Passenger Rail",2015,"CORE",2683.08215514012
"South Asia","trn_pass_urban","Passenger Rail",2021,"CORE",5964.8805942689
"South Asia","trn_pass_urban","Walk",1975,"CORE",39986
"South Asia","trn_pass_urban","Walk",1990,"CORE",54076
"South Asia","trn_pass_urban","Walk",2005,"CORE",73838
"South Asia","trn_pass_urban","Walk",2010,"CORE",78439
"South Asia","trn_pass_urban","Walk",2015,"CORE",84085
"South Asia","trn_pass_urban","Walk",2021,"CORE",91340
"South Asia","trn_pass_road_urban","Bus",1975,"CORE",12558.6630697278
"South Asia","trn_pass_road_urban","Bus",1990,"CORE",25324.6096761621
"South Asia","trn_pass_road_urban","Bus",2005,"CORE",57082.0883907615
"South Asia","trn_pass_road_urban","Bus",2010,"CORE",116307.160777042
"South Asia","trn_pass_road_urban","Bus",2015,"CORE",139379.646235704
"South Asia","trn_pass_road_urban","Bus",2021,"CORE",159233.506969431
"South Asia","trn_pass_road_LDV_urban","2W and 3W",1975,"CORE",17372.849441564
"South Asia","trn_pass_road_LDV_urban","2W and 3W",1990,"CORE",35032.6125848583
"South Asia","trn_pass_road_LDV_urban","2W and 3W",2005,"CORE",74156.2760854648
"South Asia","trn_pass_road_LDV_urban","2W and 3W",2010,"CORE",109055.444041393
"South Asia","trn_pass_road_LDV_urban","2W and 3W",2015,"CORE",140969.438484106
"South Asia","trn_pass_road_LDV_urban","2W and 3W",2021,"CORE",190855.827235706
"South Asia","trn_pass_road_LDV_4W_urban","Car",1975,"CORE",2879.243462494
"South Asia","trn_pass_road_LDV_4W_urban","Car",1990,"CORE",5806.08108152923
"South Asia","trn_pass_road_LDV_4W_urban","Car",2005,"CORE",12679.0437305888
"South Asia","trn_pass_road_LDV_4W_urban","Car",2010,"CORE",22212.7402669127
"South Asia","trn_pass_road_LDV_4W_urban","Car",2015,"CORE",27516.03092344
"South Asia","trn_pass_road_LDV_4W_urban","Car",2021,"CORE",33716.7194659016
"South Asia","trn_pass_road_LDV_4W_urban","Large Car and Truck",1975,"CORE",820.898845589827
"South Asia","trn_pass_road_LDV_4W_urban","Large Car and Truck",1990,"CORE",1655.39496577405
"South Asia","trn_pass_road_LDV_4W_urban","Large Car and Truck",2005,"CORE",3614.93907554688
"South Asia","trn_pass_road_LDV_4W_urban","Large Car and Truck",2010,"CORE",6488.82423373602
"South Asia","trn_pass_road_LDV_4W_urban","Large Car and Truck",2015,"CORE",8206.16126243398
"South Asia","trn_pass_road_LDV_4W_urban","Large Car and Truck",2021,"CORE",10358.7119117966
"South Asia","trn_pass_road_LDV_4W_urban","Mini Car",1975,"CORE",1126.16864395888
"South Asia","trn_pass_road_LDV_4W_urban","Mini Car",1990,"CORE",2270.87986008731
"South Asia","trn_pass_road_LDV_4W_urban","Mini Car",2005,"CORE",4959.08578777312
"South Asia","trn_pass_road_LDV_4W_urban","Mini Car",2010,"CORE",8688.06562226141
"South Asia","trn_pass_road_LDV_4W_urban","Mini Car",2015,"CORE",10762.4027258773
"South Asia","trn_pass_road_LDV_4W_urban","Mini Car",2021,"CORE",13187.6873433223
"South Korea","trn_pass_urban","Cycle",1975,"CORE",3391
"South Korea","trn_pass_urban","Cycle",1990,"CORE",4164
"South Korea","trn_pass_urban","Cycle",2005,"CORE",4520
"South Korea","trn_pass_urban","Cycle",2010,"CORE",4607
"South Korea","trn_pass_urban","Cycle",2015,"CORE",4813
"South Korea","trn_pass_urban","Cycle",2021,"CORE",4892
"South Korea","trn_pass_urban","Passenger Rail",1975,"CORE",2336.46447922802
"South Korea","trn_pass_urban","Passenger Rail",1990,"CORE",10943.1799651433
"South Korea","trn_pass_urban","Passenger Rail",2005,"CORE",27369.2472298553
"South Korea","trn_pass_urban","Passenger Rail",2010,"CORE",25465.6943525837
"South Korea","trn_pass_urban","Passenger Rail",2015,"CORE",27117.7056164924
"South Korea","trn_pass_urban","Passenger Rail",2021,"CORE",36389.828523078
"South Korea","trn_pass_urban","Walk",1975,"CORE",10168
"South Korea","trn_pass_urban","Walk",1990,"CORE",12485
"South Korea","trn_pass_urban","Walk",2005,"CORE",13552
"South Korea","trn_pass_urban","Walk",2010,"CORE",13813
"South Korea","trn_pass_urban","Walk",2015,"CORE",14431
"South Korea","trn_pass_urban","Walk",2021,"CORE",14667
"South Korea","trn_pass_road_urban","Bus",1975,"CORE",12332.2858445133
"South Korea","trn_pass_road_urban","Bus",1990,"CORE",73116.1875043049
"South Korea","trn_pass_road_urban","Bus",2005,"CORE",188052.555834515
"South Korea","trn_pass_road_urban","Bus",2010,"CORE",218792.366446935
"South Korea","trn_pass_road_urban","Bus",2015,"CORE",245809.725965843
"South Korea","trn_pass_road_urban","Bus",2021,"CORE",250133.719300798
"South Korea","trn_pass_road_LDV_urban","2W and 3W",1975,"CORE",907.447290635011
"South Korea","trn_pass_road_LDV_urban","2W and 3W",1990,"CORE",5380.03564157351
"South Korea","trn_pass_road_LDV_urban","2W and 3W",2005,"CORE",13068.412089077
"South Korea","trn_pass_road_LDV_urban","2W and 3W",2010,"CORE",14188.9305875623
"South Korea","trn_pass_road_LDV_urban","2W and 3W",2015,"CORE",16531.4619038825
"South Korea","trn_pass_road_LDV_urban","2W and 3W",2021,"CORE",18024.8507269569
"South Korea","trn_pass_road_LDV_4W_urban","Car",1975,"CORE",5219.85413434056
"South Korea","trn_pass_road_LDV_4W_urban","Car",1990,"CORE",30947.6592749829
"South Korea","trn_pass_road_LDV_4W_urban","Car",2005,"CORE",75197.2342594158
"South Korea","trn_pass_road_LDV_4W_urban","Car",2010,"CORE",81697.0540274115
"South Korea","trn_pass_road_LDV_4W_urban","Car",2015,"CORE",95185.1586833771
"South Korea","trn_pass_road_LDV_4W_urban","Car",2021,"CORE",103768.256154582
"South Korea","trn_pass_road_LDV_4W_urban","Large Car and Truck",1975,"CORE",3200.24984123818
"South Korea","trn_pass_road_LDV_4W_urban","Large Car and Truck",1990,"CORE",18973.7587499917
"South Korea","trn_pass_road_LDV_4W_urban","Large Car and Truck",2005,"CORE",46102.8268279047
"South Korea","trn_pass_road_LDV_4W_urban","Large Car and Truck",2010,"CORE",50087.7289464267
"South Korea","trn_pass_road_LDV_4W_urban","Large Car and Truck",2015,"CORE",58357.0569341665
"South Korea","trn_pass_road_LDV_4W_urban","Large Car and Truck",2021,"CORE",63619.1421340946
"Southeast Asia","trn_pass_urban","Cycle",1975,"CORE",74585
"Southeast Asia","trn_pass_urban","Cycle",1990,"CORE",102818
"Southeast Asia","trn_pass_urban","Cycle",2005,"CORE",130247
"Southeast Asia","trn_pass_urban","Cycle",2010,"CORE",137765
"Southeast Asia","trn_pass_urban","Cycle",2015,"CORE",145451
"Southeast Asia","trn_pass_urban","Cycle",2021,"CORE",154090
"Southeast Asia","trn_pass_urban","Passenger Rail",1975,"CORE",7018.67917851064
"Southeast Asia","trn_pass_urban","Passenger Rail",1990,"CORE",15700.1343731838
"Southeast Asia","trn_pass_urban","Passenger Rail",2005,"CORE",42131.7155341385
"Southeast Asia","trn_pass_urban","Passenger Rail",2010,"CORE",61328.2986374113
"Southeast Asia","trn_pass_urban","Passenger Rail",2015,"CORE",68116.9921296443
"Southeast Asia","trn_pass_urban","Passenger Rail",2021,"CORE",77542.8391747062
"Southeast Asia","trn_pass_urban","Walk",1975,"CORE",59559
"Southeast Asia","trn_pass_urban","Walk",1990,"CORE",82628
"Southeast Asia","trn_pass_urban","Walk",2005,"CORE",106875
"Southeast Asia","trn_pass_urban","Walk",2010,"CORE",114180
"Southeast Asia","trn_pass_urban","Walk",2015,"CORE",121300
"Southeast Asia","trn_pass_urban","Walk",2021,"CORE",129347
"Southeast Asia","trn_pass_road_urban","Bus",1975,"CORE",116206.767868616
"Southeast Asia","trn_pass_road_urban","Bus",1990,"CORE",258148.491005903
"Southeast Asia","trn_pass_road_urban","Bus",2005,"CORE",571328.428963532
"Southeast Asia","trn_pass_road_urban","Bus",2010,"CORE",702142.339852454
"Southeast Asia","trn_pass_road_urban","Bus",2015,"CORE",862808.551000096
"Southeast Asia","trn_pass_road_urban","Bus",2021,"CORE",817903.679947559
"Southeast Asia","trn_pass_road_LDV_urban","2W and 3W",1975,"CORE",156049.367942838
"Southeast Asia","trn_pass_road_LDV_urban","2W and 3W",1990,"CORE",356304.640336874
"Southeast Asia","trn_pass_road_LDV_urban","2W and 3W",2005,"CORE",776637.391759847
"Southeast Asia","trn_pass_road_LDV_urban","2W and 3W",2010,"CORE",845312.233569146
"Southeast Asia","trn_pass_road_LDV_urban","2W and 3W",2015,"CORE",1081143.59143143
"Southeast Asia","trn_pass_road_LDV_urban","2W and 3W",2021,"CORE",1169305.34386945
"Southeast Asia","trn_pass_road_LDV_4W_urban","Car",1975,"CORE",27124.5708656232
"Southeast Asia","trn_pass_road_LDV_4W_urban","Car",1990,"CORE",61357.1144554133
"Southeast Asia","trn_pass_road_LDV_4W_urban","Car",2005,"CORE",134729.51856901
"Southeast Asia","trn_pass_road_LDV_4W_urban","Car",2010,"CORE",154466.874744068
"Southeast Asia","trn_pass_road_LDV_4W_urban","Car",2015,"CORE",194523.683268814
"Southeast Asia","trn_pass_road_LDV_4W_urban","Car",2021,"CORE",194332.515872587
"Southeast Asia","trn_pass_road_LDV_4W_urban","Large Car and Truck",1975,"CORE",7642.53641308322
"Southeast Asia","trn_pass_road_LDV_4W_urban","Large Car and Truck",1990,"CORE",17293.8497085586
"Southeast Asia","trn_pass_road_LDV_4W_urban","Large Car and Truck",2005,"CORE",38004.8966477917
"Southeast Asia","trn_pass_road_LDV_4W_urban","Large Car and Truck",2010,"CORE",44403.500678798
"Southeast Asia","trn_pass_road_LDV_4W_urban","Large Car and Truck",2015,"CORE",57236.2364378809
"Southeast Asia","trn_pass_road_LDV_4W_urban","Large Car and Truck",2021,"CORE",58867.2960640508
"Southeast Asia","trn_pass_road_LDV_4W_urban","Mini Car",1975,"CORE",10235.9065910954
"Southeast Asia","trn_pass_road_LDV_4W_urban","Mini Car",1990,"CORE",23317.80264796
"Southeast Asia","trn_pass_road_LDV_4W_urban","Mini Car",2005,"CORE",51149.2454148265
"Southeast Asia","trn_pass_road_LDV_4W_urban","Mini Car",2010,"CORE",57942.4863411308
"Southeast Asia","trn_pass_road_LDV_4W_urban","Mini Car",2015,"CORE",73570.3146549867
"Southeast Asia","trn_pass_road_LDV_4W_urban","Mini Car",2021,"CORE",73280.4551711665
"Taiwan","trn_pass_urban","Cycle",1975,"CORE",3048
"Taiwan","trn_pass_urban","Cycle",1990,"CORE",3791
"Taiwan","trn_pass_urban","Cycle",2005,"CORE",4198
"Taiwan","trn_pass_urban","Cycle",2010,"CORE",4251
"Taiwan","trn_pass_urban","Cycle",2015,"CORE",4330
"Taiwan","trn_pass_urban","Cycle",2021,"CORE",4394
"Taiwan","trn_pass_urban","Passenger Rail",1975,"CORE",492.949611033905
"Taiwan","trn_pass_urban","Passenger Rail",1990,"CORE",3612.99549087592
"Taiwan","trn_pass_urban","Passenger Rail",2005,"CORE",7781.22420218284
"Taiwan","trn_pass_urban","Passenger Rail",2010,"CORE",11445.0112994633
"Taiwan","trn_pass_urban","Passenger Rail",2015,"CORE",12914.0103783375
"Taiwan","trn_pass_urban","Passenger Rail",2021,"CORE",13772.1059211551
"Taiwan","trn_pass_urban","Walk",1975,"CORE",5758
"Taiwan","trn_pass_urban","Walk",1990,"CORE",7161
"Taiwan","trn_pass_urban","Walk",2005,"CORE",7930
"Taiwan","trn_pass_urban","Walk",2010,"CORE",8030
"Taiwan","trn_pass_urban","Walk",2015,"CORE",8179
"Taiwan","trn_pass_urban","Walk",2021,"CORE",8300
"Taiwan","trn_pass_road_urban","Bus",1975,"CORE",17465.9636458629
"Taiwan","trn_pass_road_urban","Bus",1990,"CORE",85468.7984900929
"Taiwan","trn_pass_road_urban","Bus",2005,"CORE",161219.36239734
"Taiwan","trn_pass_road_urban","Bus",2010,"CORE",154123.363627186
"Taiwan","trn_pass_road_urban","Bus",2015,"CORE",160056.329478899
"Taiwan","trn_pass_road_urban","Bus",2021,"CORE",153323.59902292
"Taiwan","trn_pass_road_LDV_urban","2W and 3W",1975,"CORE",24161.1976509286
"Taiwan","trn_pass_road_LDV_urban","2W and 3W",1990,"CORE",118232.757010976
"Taiwan","trn_pass_road_LDV_urban","2W and 3W",2005,"CORE",223021.866963457
"Taiwan","trn_pass_road_LDV_urban","2W and 3W",2010,"CORE",221294.234822892
"Taiwan","trn_pass_road_LDV_urban","2W and 3W",2015,"CORE",238884.58935272
"Taiwan","trn_pass_road_LDV_urban","2W and 3W",2021,"CORE",239825.806997485
"Taiwan","trn_pass_road_LDV_4W_urban","Car",1975,"CORE",4004.31518759526
"Taiwan","trn_pass_road_LDV_4W_urban","Car",1990,"CORE",19595.0781598333
"Taiwan","trn_pass_road_LDV_4W_urban","Car",2005,"CORE",36962.1182123127
"Taiwan","trn_pass_road_LDV_4W_urban","Car",2010,"CORE",35795.8410417297
"Taiwan","trn_pass_road_LDV_4W_urban","Car",2015,"CORE",37849.6535988241
"Taiwan","trn_pass_road_LDV_4W_urban","Car",2021,"CORE",36885.9986863452
"Taiwan","trn_pass_road_LDV_4W_urban","Large Car and Truck",1975,"CORE",1141.66901271368
"Taiwan","trn_pass_road_LDV_4W_urban","Large Car and Truck",1990,"CORE",5586.80634757849
"Taiwan","trn_pass_road_LDV_4W_urban","Large Car and Truck",2005,"CORE",10538.3480261067
"Taiwan","trn_pass_road_LDV_4W_urban","Large Car and Truck",2010,"CORE",10456.7356952454
"Taiwan","trn_pass_road_LDV_4W_urban","Large Car and Truck",2015,"CORE",11287.9129760795
"Taiwan","trn_pass_road_LDV_4W_urban","Large Car and Truck",2021,"CORE",11332.4124403236
"Taiwan","trn_pass_road_LDV_4W_urban","Mini Car",1975,"CORE",1566.20051441445
"Taiwan","trn_pass_road_LDV_4W_urban","Mini Car",1990,"CORE",7664.05781931644
"Taiwan","trn_pass_road_LDV_4W_urban","Mini Car",2005,"CORE",14456.6763498936
"Taiwan","trn_pass_road_LDV_4W_urban","Mini Car",2010,"CORE",14000.6323048335
"Taiwan","trn_pass_road_LDV_4W_urban","Mini Car",2015,"CORE",14804.0299939371
"Taiwan","trn_pass_road_LDV_4W_urban","Mini Car",2021,"CORE",14427.1893147905
"USA","trn_pass_urban","Cycle",1975,"CORE",7979
"USA","trn_pass_urban","Cycle",1990,"CORE",9369
"USA","trn_pass_urban","Cycle",2005,"CORE",11210
"USA","trn_pass_urban","Cycle",2010,"CORE",11752
"USA","trn_pass_urban","Cycle",2015,"CORE",12259
"USA","trn_pass_urban","Cycle",2021,"CORE",12726
"USA","trn_pass_urban","Passenger Rail",1975,"CORE",5672.3805168196
"USA","trn_pass_urban","Passenger Rail",1990,"CORE",6167.26564073203
"USA","trn_pass_urban","Passenger Rail",2005,"CORE",8912.42223896951
"USA","trn_pass_urban","Passenger Rail",2010,"CORE",9024.62315069763
"USA","trn_pass_urban","Passenger Rail",2015,"CORE",11441.9911961811
"USA","trn_pass_urban","Passenger Rail",2021,"CORE",15404.9851567915
"USA","trn_pass_urban","Walk",1975,"CORE",31914
"USA","trn_pass_urban","Walk",1990,"CORE",37475
"USA","trn_pass_urban","Walk",2005,"CORE",44840
"USA","trn_pass_urban","Walk",2010,"CORE",47006
"USA","trn_pass_urban","Walk",2015,"CORE",49034
"USA","trn_pass_urban","Walk",2021,"CORE",50906
"USA","trn_pass_road_urban","Bus",1975,"CORE",163983.505206472
"USA","trn_pass_road_urban","Bus",1990,"CORE",191193.575341088
"USA","trn_pass_road_urban","Bus",2005,"CORE",274899.719694256
"USA","trn_pass_road_urban","Bus",2010,"CORE",272298.311583253
"USA","trn_pass_road_urban","Bus",2015,"CORE",284575.786972632
"USA","trn_pass_road_urban","Bus",2021,"CORE",298847.677730494
"USA","trn_pass_road_LDV_urban","2W and 3W",1975,"CORE",23618.14704273
"USA","trn_pass_road_LDV_urban","2W and 3W",1990,"CORE",27537.1760660184
"USA","trn_pass_road_LDV_urban","2W and 3W",2005,"CORE",36964.1496169408
"USA","trn_pass_road_LDV_urban","2W and 3W",2010,"CORE",37184.3491993968
"USA","trn_pass_road_LDV_urban","2W and 3W",2015,"CORE",39169.1644921357
"USA","trn_pass_road_LDV_urban","2W and 3W",2021,"CORE",40061.1235404314
"USA","trn_pass_road_LDV_4W_urban","Car",1975,"CORE",1138909.63442372
"USA","trn_pass_road_LDV_4W_urban","Car",1990,"CORE",1327890.84565636
"USA","trn_pass_road_LDV_4W_urban","Car",2005,"CORE",1782479.07215967
"USA","trn_pass_road_LDV_4W_urban","Car",2010,"CORE",1793048.04883086
"USA","trn_pass_road_LDV_4W_urban","Car",2015,"CORE",2075501.1299193
"USA","trn_pass_road_LDV_4W_urban","Car",2021,"CORE",2252186.30344288
"USA","trn_pass_road_LDV_4W_urban","Large Car and Truck",1975,"CORE",947352.733865064
"USA","trn_pass_road_LDV_4W_urban","Large Car and Truck",1990,"CORE",1104548.56308484
"USA","trn_pass_road_LDV_4W_urban","Large Car and Truck",2005,"CORE",1482678.12953798
"USA","trn_pass_road_LDV_4W_urban","Large Car and Truck",2010,"CORE",1491505.82307943
"USA","trn_pass_road_LDV_4W_urban","Large Car and Truck",2015,"CORE",1726502.6117388
"USA","trn_pass_road_LDV_4W_urban","Large Car and Truck",2021,"CORE",1807616.15019827
"Ukraine","trn_pass_urban","Cycle",1975,"CORE",13033
"Ukraine","trn_pass_urban","Cycle",1990,"CORE",13752
"Ukraine","trn_pass_urban","Cycle",2005,"CORE",12505
"Ukraine","trn_pass_urban","Cycle",2010,"CORE",12177
"Ukraine","trn_pass_urban","Cycle",2015,"CORE",11991
"Ukraine","trn_pass_urban","Cycle",2021,"CORE",11604
"Ukraine","trn_pass_urban","Passenger Rail",1975,"CORE",19771.0763522179
"Ukraine","trn_pass_urban","Passenger Rail",1990,"CORE",29844.4342660837
"Ukraine","trn_pass_urban","Passenger Rail",2005,"CORE",16154.9118914154
"Ukraine","trn_pass_urban","Passenger Rail",2010,"CORE",14525.5029007791
"Ukraine","trn_pass_urban","Passenger Rail",2015,"CORE",12150.1050521825
"Ukraine","trn_pass_urban","Passenger Rail",2021,"CORE",11309.120174437
"Ukraine","trn_pass_urban","Walk",1975,"CORE",39098
"Ukraine","trn_pass_urban","Walk",1990,"CORE",41255
"Ukraine","trn_pass_urban","Walk",2005,"CORE",37515
"Ukraine","trn_pass_urban","Walk",2010,"CORE",36532
"Ukraine","trn_pass_urban","Walk",2015,"CORE",35972
"Ukraine","trn_pass_urban","Walk",2021,"CORE",34811
"Ukraine","trn_pass_road_urban","Bus",1975,"CORE",34231.4528653264
"Ukraine","trn_pass_road_urban","Bus",1990,"CORE",47505.2050233523
"Ukraine","trn_pass_road_urban","Bus",2005,"CORE",21725.1361095241
"Ukraine","trn_pass_road_urban","Bus",2010,"CORE",23994.592020658
"Ukraine","trn_pass_road_urban","Bus",2015,"CORE",17621.1436096148
"Ukraine","trn_pass_road_urban","Bus",2021,"CORE",19803.8825615437
"Ukraine","trn_pass_road_LDV_urban","2W and 3W",1975,"CORE",18139.8745248043
"Ukraine","trn_pass_road_LDV_urban","2W and 3W",1990,"CORE",27401.220615285
"Ukraine","trn_pass_road_LDV_urban","2W and 3W",2005,"CORE",11310.9943465247
"Ukraine","trn_pass_road_LDV_urban","2W and 3W",2010,"CORE",13687.1331019091
"Ukraine","trn_pass_road_LDV_urban","2W and 3W",2015,"CORE",10620.2155535369
"Ukraine","trn_pass_road_LDV_urban","2W and 3W",2021,"CORE",12651.6263467886
"Ukraine","trn_pass_road_LDV_4W_urban","Car",1975,"CORE",73517.1636372744
"Ukraine","trn_pass_road_LDV_4W_urban","Car",1990,"CORE",110707.618593965
"Ukraine","trn_pass_road_LDV_4W_urban","Car",2005,"CORE",45872.465145084
"Ukraine","trn_pass_road_LDV_4W_urban","Car",2010,"CORE",55394.9893493408
"Ukraine","trn_pass_road_LDV_4W_urban","Car",2015,"CORE",42956.3342470069
"Ukraine","trn_pass_road_LDV_4W_urban","Car",2021,"CORE",51151.3507033305
"Ukraine","trn_pass_road_LDV_4W_urban","Large Car and Truck",1975,"CORE",9151.903656683
"Ukraine","trn_pass_road_LDV_4W_urban","Large Car and Truck",1990,"CORE",13781.6415535197
"Ukraine","trn_pass_road_LDV_4W_urban","Large Car and Truck",2005,"CORE",5710.48562006763
"Ukraine","trn_pass_road_LDV_4W_urban","Large Car and Truck",2010,"CORE",6895.93629382176
"Ukraine","trn_pass_road_LDV_4W_urban","Large Car and Truck",2015,"CORE",5347.49074677745
"Ukraine","trn_pass_road_LDV_4W_urban","Large Car and Truck",2021,"CORE",6367.69677527384
"Africa_Eastern","trn_pass_other","Domestic Aviation",1975,"CORE",3418.5445265129
"Africa_Eastern","trn_pass_other","Domestic Aviation",1990,"CORE",4672.15062281343
"Africa_Eastern","trn_pass_other","Domestic Aviation",2005,"CORE",8719.75726931762
"Africa_Eastern","trn_pass_other","Domestic Aviation",2010,"CORE",11123.892281333
"Africa_Eastern","trn_pass_other","Domestic Aviation",2015,"CORE",13531.2189847186
"Africa_Eastern","trn_pass_other","Domestic Aviation",2021,"CORE",11568.9350196895
"Africa_Eastern","trn_pass_other","HSR",1975,"CORE",0
"Africa_Eastern","trn_pass_other","HSR",1990,"CORE",0
"Africa_Eastern","trn_pass_other","HSR",2005,"CORE",0
"Africa_Eastern","trn_pass_other","HSR",2010,"CORE",0
"Africa_Eastern","trn_pass_other","HSR",2015,"CORE",0
"Africa_Eastern","trn_pass_other","HSR",2021,"CORE",0
"Africa_Eastern","trn_pass_other","Passenger Rail",1975,"CORE",42.4467606829032
"Africa_Eastern","trn_pass_other","Passenger Rail",1990,"CORE",81.715140734961
"Africa_Eastern","trn_pass_other","Passenger Rail",2005,"CORE",130.980037742837
"Africa_Eastern","trn_pass_other","Passenger Rail",2010,"CORE",176.466523933327
"Africa_Eastern","trn_pass_other","Passenger Rail",2015,"CORE",258.401272591107
"Africa_Eastern","trn_pass_other","Passenger Rail",2021,"CORE",394.669435402488
"Africa_Eastern","trn_pass_road_other","Bus",1975,"CORE",15777.5933255338
"Africa_Eastern","trn_pass_road_other","Bus",1990,"CORE",30406.2438411085
"Africa_Eastern","trn_pass_road_other","Bus",2005,"CORE",43909.9951929714
"Africa_Eastern","trn_pass_road_other","Bus",2010,"CORE",65606.9689022965
"Africa_Eastern","trn_pass_road_other","Bus",2015,"CORE",96014.7688121666
"Africa_Eastern","trn_pass_road_other","Bus",2021,"CORE",128041.526706888
"Africa_Eastern","trn_pass_road_LDV_4W_other","Car",1975,"CORE",5091.91017369661
"Africa_Eastern","trn_pass_road_LDV_4W_other","Car",1990,"CORE",9812.95628422056
"Africa_Eastern","trn_pass_road_LDV_4W_other","Car",2005,"CORE",14171.0060199498
"Africa_Eastern","trn_pass_road_LDV_4W_other","Car",2010,"CORE",21449.2091555323
"Africa_Eastern","trn_pass_road_LDV_4W_other","Car",2015,"CORE",31961.1495096824
"Africa_Eastern","trn_pass_road_LDV_4W_other","Car",2021,"CORE",43360.8645071684
"Africa_Eastern","trn_pass_road_LDV_4W_other","Large Car and Truck",1975,"CORE",2258.74928874407
"Africa_Eastern","trn_pass_road_LDV_4W_other","Large Car and Truck",1990,"CORE",4352.99404685693
"Africa_Eastern","trn_pass_road_LDV_4W_other","Large Car and Truck",2005,"CORE",6286.18167345457
"Africa_Eastern","trn_pass_road_LDV_4W_other","Large Car and Truck",2010,"CORE",9748.78274002206
"Africa_Eastern","trn_pass_road_LDV_4W_other","Large Car and Truck",2015,"CORE",14830.4551478401
"Africa_Eastern","trn_pass_road_LDV_4W_other","Large Car and Truck",2021,"CORE",20727.2539226444
"Africa_Eastern","trn_pass_road_LDV_4W_other","Mini Car",1975,"CORE",2645.53838307998
"Africa_Eastern","trn_pass_road_LDV_4W_other","Mini Car",1990,"CORE",5098.43114593196
"Africa_Eastern","trn_pass_road_LDV_4W_other","Mini Car",2005,"CORE",7362.71946043075
"Africa_Eastern","trn_pass_road_LDV_4W_other","Mini Car",2010,"CORE",11144.1479898527
"Africa_Eastern","trn_pass_road_LDV_4W_other","Mini Car",2015,"CORE",16605.7037747622
"Africa_Eastern","trn_pass_road_LDV_4W_other","Mini Car",2021,"CORE",22528.4474129663
"Africa_Northern","trn_pass_other","Domestic Aviation",1975,"CORE",5190.72950269464
"Africa_Northern","trn_pass_other","Domestic Aviation",1990,"CORE",8564.19010627942
"Africa_Northern","trn_pass_other","Domestic Aviation",2005,"CORE",15092.5501759085
"Africa_Northern","trn_pass_other","Domestic Aviation",2010,"CORE",19097.648397974
"Africa_Northern","trn_pass_other","Domestic Aviation",2015,"CORE",17670.5983687781
"Africa_Northern","trn_pass_other","Domestic Aviation",2021,"CORE",14403.9718371986
"Africa_Northern","trn_pass_other","HSR",1975,"CORE",0
"Africa_Northern","trn_pass_other","HSR",1990,"CORE",0
"Africa_Northern","trn_pass_other","HSR",2005,"CORE",0
"Africa_Northern","trn_pass_other","HSR",2010,"CORE",0
"Africa_Northern","trn_pass_other","HSR",2015,"CORE",0
"Africa_Northern","trn_pass_other","HSR",2021,"CORE",0
"Africa_Northern","trn_pass_other","Passenger Rail",1975,"CORE",554.514544243636
"Africa_Northern","trn_pass_other","Passenger Rail",1990,"CORE",2250.70319531136
"Africa_Northern","trn_pass_other","Passenger Rail",2005,"CORE",3973.85681703387
"Africa_Northern","trn_pass_other","Passenger Rail",2010,"CORE",5154.68030233667
"Africa_Northern","trn_pass_other","Passenger Rail",2015,"CORE",9456.31552321677
"Africa_Northern","trn_pass_other","Passenger Rail",2021,"CORE",13389.816721643
"Africa_Northern","trn_pass_road_other","Bus",1975,"CORE",41542.2685053825
"Africa_Northern","trn_pass_road_other","Bus",1990,"CORE",131996.183090938
"Africa_Northern","trn_pass_road_other","Bus",2005,"CORE",236168.050997569
"Africa_Northern","trn_pass_road_other","Bus",2010,"CORE",336286.433998418
"Africa_Northern","trn_pass_road_other","Bus",2015,"CORE",415188.310520575
"Africa_Northern","trn_pass_road_other","Bus",2021,"CORE",422073.689162058
"Africa_Northern","trn_pass_road_LDV_4W_other","Car",1975,"CORE",13406.9018991351
"Africa_Northern","trn_pass_road_LDV_4W_other","Car",1990,"CORE",42598.985186988
"Africa_Northern","trn_pass_road_LDV_4W_other","Car",2005,"CORE",76211.7201993379
"Africa_Northern","trn_pass_road_LDV_4W_other","Car",2010,"CORE",109930.7208573
"Africa_Northern","trn_pass_road_LDV_4W_other","Car",2015,"CORE",138190.870831898
"Africa_Northern","trn_pass_road_LDV_4W_other","Car",2021,"CORE",142901.060023653
"Africa_Northern","trn_pass_road_LDV_4W_other","Large Car and Truck",1975,"CORE",5947.23205357621
"Africa_Northern","trn_pass_road_LDV_4W_other","Large Car and Truck",1990,"CORE",18896.7006998997
"Africa_Northern","trn_pass_road_LDV_4W_other","Large Car and Truck",2005,"CORE",33807.1431451089
"Africa_Northern","trn_pass_road_LDV_4W_other","Large Car and Truck",2010,"CORE",49964.0519854007
"Africa_Northern","trn_pass_road_LDV_4W_other","Large Car and Truck",2015,"CORE",64122.6878810141
"Africa_Northern","trn_pass_road_LDV_4W_other","Large Car and Truck",2021,"CORE",68309.22241272
"Africa_Northern","trn_pass_road_LDV_4W_other","Mini Car",1975,"CORE",6965.69896502097
"Africa_Northern","trn_pass_road_LDV_4W_other","Mini Car",1990,"CORE",22132.7591196669
"Africa_Northern","trn_pass_road_LDV_4W_other","Mini Car",2005,"CORE",39596.6821551178
"Africa_Northern","trn_pass_road_LDV_4W_other","Mini Car",2010,"CORE",57115.6484772222
"Africa_Northern","trn_pass_road_LDV_4W_other","Mini Car",2015,"CORE",71798.3060865122
"Africa_Northern","trn_pass_road_LDV_4W_other","Mini Car",2021,"CORE",74245.3934040054
"Africa_Southern","trn_pass_other","Domestic Aviation",1975,"CORE",2038.1053608068
"Africa_Southern","trn_pass_other","Domestic Aviation",1990,"CORE",4382.72939011553
"Africa_Southern","trn_pass_other","Domestic Aviation",2005,"CORE",4485.05396789327
"Africa_Southern","trn_pass_other","Domestic Aviation",2010,"CORE",5921.64778956737
"Africa_Southern","trn_pass_other","Domestic Aviation",2015,"CORE",5552.96024786656
"Africa_Southern","trn_pass_other","Domestic Aviation",2021,"CORE",2989.35824143733
"Africa_Southern","trn_pass_other","HSR",1975,"CORE",0
"Africa_Southern","trn_pass_other","HSR",1990,"CORE",0
"Africa_Southern","trn_pass_other","HSR",2005,"CORE",0
"Africa_Southern","trn_pass_other","HSR",2010,"CORE",0
"Africa_Southern","trn_pass_other","HSR",2015,"CORE",0
"Africa_Southern","trn_pass_other","HSR",2021,"CORE",0
"Africa_Southern","trn_pass_other","Passenger Rail",1975,"CORE",37.1152834956787
"Africa_Southern","trn_pass_other","Passenger Rail",1990,"CORE",105.737535468425
"Africa_Southern","trn_pass_other","Passenger Rail",2005,"CORE",149.00452391458
"Africa_Southern","trn_pass_other","Passenger Rail",2010,"CORE",240.996393936617
"Africa_Southern","trn_pass_other","Passenger Rail",2015,"CORE",374.733249817662
"Africa_Southern","trn_pass_other","Passenger Rail",2021,"CORE",404.181052175924
"Africa_Southern","trn_pass_road_other","Bus",1975,"CORE",13798.5722522759
"Africa_Southern","trn_pass_road_other","Bus",1990,"CORE",19956.7988530067
"Africa_Southern","trn_pass_road_other","Bus",2005,"CORE",36937.3377812614
"Africa_Southern","trn_pass_road_other","Bus",2010,"CORE",55206.9164521053
"Africa_Southern","trn_pass_road_other","Bus",2015,"CORE",85138.1606974663
"Africa_Southern","trn_pass_road_other","Bus",2021,"CORE",96621.421046132
"Africa_Southern","trn_pass_road_LDV_4W_other","Car",1975,"CORE",4453.1838025376
"Africa_Southern","trn_pass_road_LDV_4W_other","Car",1990,"CORE",6440.64128549362
"Africa_Southern","trn_pass_road_LDV_4W_other","Car",2005,"CORE",11920.7749632335
"Africa_Southern","trn_pass_road_LDV_4W_other","Car",2010,"CORE",18049.0232070097
"Africa_Southern","trn_pass_road_LDV_4W_other","Car",2015,"CORE",28340.5158888443
"Africa_Southern","trn_pass_road_LDV_4W_other","Car",2021,"CORE",32720.3820140949
"Africa_Southern","trn_pass_road_LDV_4W_other","Large Car and Truck",1975,"CORE",1975.42663324191
"Africa_Southern","trn_pass_road_LDV_4W_other","Large Car and Truck",1990,"CORE",2857.05711978441
"Africa_Southern","trn_pass_road_LDV_4W_other","Large Car and Truck",2005,"CORE",5288.00901485554
"Africa_Southern","trn_pass_road_LDV_4W_other","Large Car and Truck",2010,"CORE",8203.3711736128
"Africa_Southern","trn_pass_road_LDV_4W_other","Large Car and Truck",2015,"CORE",13150.4608236625
"Africa_Southern","trn_pass_road_LDV_4W_other","Large Car and Truck",2021,"CORE",15640.9445250922
"Africa_Southern","trn_pass_road_LDV_4W_other","Mini Car",1975,"CORE",2313.71874608966
"Africa_Southern","trn_pass_road_LDV_4W_other","Mini Car",1990,"CORE",3346.3367252755
"Africa_Southern","trn_pass_road_LDV_4W_other","Mini Car",2005,"CORE",6193.58872400993
"Africa_Southern","trn_pass_road_LDV_4W_other","Mini Car",2010,"CORE",9377.53170489157
"Africa_Southern","trn_pass_road_LDV_4W_other","Mini Car",2015,"CORE",14724.5281555163
"Africa_Southern","trn_pass_road_LDV_4W_other","Mini Car",2021,"CORE",17000.156007314
"Africa_Western","trn_pass_other","Domestic Aviation",1975,"CORE",4486.54918091035
"Africa_Western","trn_pass_other","Domestic Aviation",1990,"CORE",6501.05617975189
"Africa_Western","trn_pass_other","Domestic Aviation",2005,"CORE",8936.36812900976
"Africa_Western","trn_pass_other","Domestic Aviation",2010,"CORE",12575.0362683704
"Africa_Western","trn_pass_other","Domestic Aviation",2015,"CORE",11223.0095295317
"Africa_Western","trn_pass_other","Domestic Aviation",2021,"CORE",11367.2357974613
"Africa_Western","trn_pass_other","HSR",1975,"CORE",0
"Africa_Western","trn_pass_other","HSR",1990,"CORE",0
"Africa_Western","trn_pass_other","HSR",2005,"CORE",0
"Africa_Western","trn_pass_other","HSR",2010,"CORE",0
"Africa_Western","trn_pass_other","HSR",2015,"CORE",0
"Africa_Western","trn_pass_other","HSR",2021,"CORE",0
"Africa_Western","trn_pass_other","Passenger Rail",1975,"CORE",80.9974418828347
"Africa_Western","trn_pass_other","Passenger Rail",1990,"CORE",166.711190508214
"Africa_Western","trn_pass_other","Passenger Rail",2005,"CORE",404.484813820976
"Africa_Western","trn_pass_other","Passenger Rail",2010,"CORE",499.947418680159
"Africa_Western","trn_pass_other","Passenger Rail",2015,"CORE",679.151320116251
"Africa_Western","trn_pass_other","Passenger Rail",2021,"CORE",881.232817688291
"Africa_Western","trn_pass_road_other","Bus",1975,"CORE",30152.6406199765
"Africa_Western","trn_pass_road_other","Bus",1990,"CORE",62013.334236456
"Africa_Western","trn_pass_road_other","Bus",2005,"CORE",139338.654680641
"Africa_Western","trn_pass_road_other","Bus",2010,"CORE",167690.679390185
"Africa_Western","trn_pass_road_other","Bus",2015,"CORE",234310.448797752
"Africa_Western","trn_pass_road_other","Bus",2021,"CORE",291141.776655818
"Africa_Western","trn_pass_road_LDV_4W_other","Car",1975,"CORE",9731.13954315278
"Africa_Western","trn_pass_road_LDV_4W_other","Car",1990,"CORE",20013.4864468385
"Africa_Western","trn_pass_road_LDV_4W_other","Car",2005,"CORE",44968.6030012923
"Africa_Western","trn_pass_road_LDV_4W_other","Car",2010,"CORE",54823.8878729308
"Africa_Western","trn_pass_road_LDV_4W_other","Car",2015,"CORE",77996.6994941649
"Africa_Western","trn_pass_road_LDV_4W_other","Car",2021,"CORE",98594.2157250837
"Africa_Western","trn_pass_road_LDV_4W_other","Large Car and Truck",1975,"CORE",4316.71268140338
"Africa_Western","trn_pass_road_LDV_4W_other","Large Car and Truck",1990,"CORE",8877.88947099196
"Africa_Western","trn_pass_road_LDV_4W_other","Large Car and Truck",2005,"CORE",19947.8562012229
"Africa_Western","trn_pass_road_LDV_4W_other","Large Car and Truck",2010,"CORE",24917.749932558
"Africa_Western","trn_pass_road_LDV_4W_other","Large Car and Truck",2015,"CORE",36191.6604050097
"Africa_Western","trn_pass_road_LDV_4W_other","Large Car and Truck",2021,"CORE",47129.7980392915
"Africa_Western","trn_pass_road_LDV_4W_other","Mini Car",1975,"CORE",5055.94955866244
"Africa_Western","trn_pass_road_LDV_4W_other","Mini Car",1990,"CORE",10398.2309294315
"Africa_Western","trn_pass_road_LDV_4W_other","Mini Car",2005,"CORE",23363.9366291414
"Africa_Western","trn_pass_road_LDV_4W_other","Mini Car",2010,"CORE",28484.2900157834
"Africa_Western","trn_pass_road_LDV_4W_other","Mini Car",2015,"CORE",40523.8257212373
"Africa_Western","trn_pass_road_LDV_4W_other","Mini Car",2021,"CORE",51225.3372394224
"Argentina","trn_pass_other","Domestic Aviation",1975,"CORE",1985.25314403664
"Argentina","trn_pass_other","Domestic Aviation",1990,"CORE",2780.14900101598
"Argentina","trn_pass_other","Domestic Aviation",2005,"CORE",4808.8975654998
"Argentina","trn_pass_other","Domestic Aviation",2010,"CORE",5781.14737170503
"Argentina","trn_pass_other","Domestic Aviation",2015,"CORE",6047.479661583
"Argentina","trn_pass_other","Domestic Aviation",2021,"CORE",2732.58416872191
"Argentina","trn_pass_other","HSR",1975,"CORE",0
"Argentina","trn_pass_other","HSR",1990,"CORE",0
"Argentina","trn_pass_other","HSR",2005,"CORE",0
"Argentina","trn_pass_other","HSR",2010,"CORE",0
"Argentina","trn_pass_other","HSR",2015,"CORE",0
"Argentina","trn_pass_other","HSR",2021,"CORE",0
"Argentina","trn_pass_other","Passenger Rail",1975,"CORE",401.855416491519
"Argentina","trn_pass_other","Passenger Rail",1990,"CORE",429.767791309839
"Argentina","trn_pass_other","Passenger Rail",2005,"CORE",783.961488336078
"Argentina","trn_pass_other","Passenger Rail",2010,"CORE",849.665547138762
"Argentina","trn_pass_other","Passenger Rail",2015,"CORE",736.027649494464
"Argentina","trn_pass_other","Passenger Rail",2021,"CORE",672.429522367334
"Argentina","trn_pass_road_other","Bus",1975,"CORE",26472.9852508964
"Argentina","trn_pass_road_other","Bus",1990,"CORE",32604.3891501327
"Argentina","trn_pass_road_other","Bus",2005,"CORE",47230.7888486202
"Argentina","trn_pass_road_other","Bus",2010,"CORE",55276.8694359039
"Argentina","trn_pass_road_other","Bus",2015,"CORE",61666.6621985344
"Argentina","trn_pass_road_other","Bus",2021,"CORE",61382.9353354464
"Argentina","trn_pass_road_LDV_4W_other","Car",1975,"CORE",28601.0716581098
"Argentina","trn_pass_road_LDV_4W_other","Car",1990,"CORE",35404.805248581
"Argentina","trn_pass_road_LDV_4W_other","Car",2005,"CORE",53633.7722549165
"Argentina","trn_pass_road_LDV_4W_other","Car",2010,"CORE",64233.287862452
"Argentina","trn_pass_road_LDV_4W_other","Car",2015,"CORE",74454.8743160632
"Argentina","trn_pass_road_LDV_4W_other","Car",2021,"CORE",77078.2883384684
"Argentina","trn_pass_road_LDV_4W_other","Large Car and Truck",1975,"CORE",5355.17256896672
"Argentina","trn_pass_road_LDV_4W_other","Large Car and Truck",1990,"CORE",6717.75033766893
"Argentina","trn_pass_road_LDV_4W_other","Large Car and Truck",2005,"CORE",11329.8194580672
"Argentina","trn_pass_road_LDV_4W_other","Large Car and Truck",2010,"CORE",13149.319670846
"Argentina","trn_pass_road_LDV_4W_other","Large Car and Truck",2015,"CORE",15241.7546147545
"Argentina","trn_pass_road_LDV_4W_other","Large Car and Truck",2021,"CORE",15505.1916976718
"Argentina","trn_pass_road_LDV_4W_other","Mini Car",1975,"CORE",5881.59867386612
"Argentina","trn_pass_road_LDV_4W_other","Mini Car",1990,"CORE",7482.27382013628
"Argentina","trn_pass_road_LDV_4W_other","Mini Car",2005,"CORE",13956.832350702
"Argentina","trn_pass_road_LDV_4W_other","Mini Car",2010,"CORE",15761.2705808453
"Argentina","trn_pass_road_LDV_4W_other","Mini Car",2015,"CORE",18269.4565315692
"Argentina","trn_pass_road_LDV_4W_other","Mini Car",2021,"CORE",18291.2653747198
"Australia_NZ","trn_pass_other","Domestic Aviation",1975,"CORE",9425.90025017668
"Australia_NZ","trn_pass_other","Domestic Aviation",1990,"CORE",16530.9413980554
"Australia_NZ","trn_pass_other","Domestic Aviation",2005,"CORE",26440.344657146
"Australia_NZ","trn_pass_other","Domestic Aviation",2010,"CORE",36301.9436907958
"Australia_NZ","trn_pass_other","Domestic Aviation",2015,"CORE",43037.5960418341
"Australia_NZ","trn_pass_other","Domestic Aviation",2021,"CORE",19712.4649580188
"Australia_NZ","trn_pass_other","HSR",1975,"CORE",0
"Australia_NZ","trn_pass_other","HSR",1990,"CORE",0
"Australia_NZ","trn_pass_other","HSR",2005,"CORE",0
"Australia_NZ","trn_pass_other","HSR",2010,"CORE",0
"Australia_NZ","trn_pass_other","HSR",2015,"CORE",0
"Australia_NZ","trn_pass_other","HSR",2021,"CORE",0
"Australia_NZ","trn_pass_other","Passenger Rail",1975,"CORE",2909.31177376939
"Australia_NZ","trn_pass_other","Passenger Rail",1990,"CORE",6579.47994893714
"Australia_NZ","trn_pass_other","Passenger Rail",2005,"CORE",11914.5888428192
"Australia_NZ","trn_pass_other","Passenger Rail",2010,"CORE",12476.5303719465
"Australia_NZ","trn_pass_other","Passenger Rail",2015,"CORE",18724.4899485276
"Australia_NZ","trn_pass_other","Passenger Rail",2021,"CORE",20696.4269288425
"Australia_NZ","trn_pass_road_other","Bus",1975,"CORE",4669.84608026367
"Australia_NZ","trn_pass_road_other","Bus",1990,"CORE",8491.0174870379
"Australia_NZ","trn_pass_road_other","Bus",2005,"CORE",10481.9539273647
"Australia_NZ","trn_pass_road_other","Bus",2010,"CORE",11301.0920430639
"Australia_NZ","trn_pass_road_other","Bus",2015,"CORE",12359.9549296952
"Australia_NZ","trn_pass_road_other","Bus",2021,"CORE",11466.940773867
"Australia_NZ","trn_pass_road_LDV_4W_other","Car",1975,"CORE",23084.3774595182
"Australia_NZ","trn_pass_road_LDV_4W_other","Car",1990,"CORE",36061.3928006955
"Australia_NZ","trn_pass_road_LDV_4W_other","Car",2005,"CORE",47579.5405794611
"Australia_NZ","trn_pass_road_LDV_4W_other","Car",2010,"CORE",52118.5541429947
"Australia_NZ","trn_pass_road_LDV_4W_other","Car",2015,"CORE",56484.0286033474
"Australia_NZ","trn_pass_road_LDV_4W_other","Car",2021,"CORE",57595.7790878364
"Australia_NZ","trn_pass_road_LDV_4W_other","Large Car and Truck",1975,"CORE",53497.4765583179
"Australia_NZ","trn_pass_road_LDV_4W_other","Large Car and Truck",1990,"CORE",83571.3402562717
"Australia_NZ","trn_pass_road_LDV_4W_other","Large Car and Truck",2005,"CORE",110264.436247657
"Australia_NZ","trn_pass_road_LDV_4W_other","Large Car and Truck",2010,"CORE",120785.863156746
"Australia_NZ","trn_pass_road_LDV_4W_other","Large Car and Truck",2015,"CORE",130905.669413581
"Australia_NZ","trn_pass_road_LDV_4W_other","Large Car and Truck",2021,"CORE",133485.543333319
"Brazil","trn_pass_other","Domestic Aviation",1975,"CORE",8099.79079251927
"Brazil","trn_pass_other","Domestic Aviation",1990,"CORE",14929.0057584522
"Brazil","trn_pass_other","Domestic Aviation",2005,"CORE",22662.2667795758
"Brazil","trn_pass_other","Domestic Aviation",2010,"CORE",32517.4593317269
"Brazil","trn_pass_other","Domestic Aviation",2015,"CORE",39126.9900749273
"Brazil","trn_pass_other","Domestic Aviation",2021,"CORE",24746.8528540199
"Brazil","trn_pass_other","HSR",1975,"CORE",0
"Brazil","trn_pass_other","HSR",1990,"CORE",0
"Brazil","trn_pass_other","HSR",2005,"CORE",0
"Brazil","trn_pass_other","HSR",2010,"CORE",0
"Brazil","trn_pass_other","HSR",2015,"CORE",0
"Brazil","trn_pass_other","HSR",2021,"CORE",0
"Brazil","trn_pass_other","Passenger Rail",1975,"CORE",2384.94567962424
"Brazil","trn_pass_other","Passenger Rail",1990,"CORE",3858.14557929556
"Brazil","trn_pass_other","Passenger Rail",2005,"CORE",4844.55893303053
"Brazil","trn_pass_other","Passenger Rail",2010,"CORE",6752.09003393475
"Brazil","trn_pass_other","Passenger Rail",2015,"CORE",8378.57510942635
"Brazil","trn_pass_other","Passenger Rail",2021,"CORE",8494.83121930085
"Brazil","trn_pass_road_other","Bus",1975,"CORE",69317.1298036444
"Brazil","trn_pass_road_other","Bus",1990,"CORE",108393.737411111
"Brazil","trn_pass_road_other","Bus",2005,"CORE",171319.37836281
"Brazil","trn_pass_road_other","Bus",2010,"CORE",229605.169269918
"Brazil","trn_pass_road_other","Bus",2015,"CORE",282051.699978155
"Brazil","trn_pass_road_other","Bus",2021,"CORE",288925.23746518
"Brazil","trn_pass_road_LDV_4W_other","Car",1975,"CORE",52997.380006286
"Brazil","trn_pass_road_LDV_4W_other","Car",1990,"CORE",82891.7759272826
"Brazil","trn_pass_road_LDV_4W_other","Car",2005,"CORE",146235.3679105
"Brazil","trn_pass_road_LDV_4W_other","Car",2010,"CORE",198595.335202864
"Brazil","trn_pass_road_LDV_4W_other","Car",2015,"CORE",247714.334483051
"Brazil","trn_pass_road_LDV_4W_other","Car",2021,"CORE",269191.75306327
"Brazil","trn_pass_road_LDV_4W_other","Large Car and Truck",1975,"CORE",15955.2579145039
"Brazil","trn_pass_road_LDV_4W_other","Large Car and Truck",1990,"CORE",24952.1940897684
"Brazil","trn_pass_road_LDV_4W_other","Large Car and Truck",2005,"CORE",41482.9703469524
"Brazil","trn_pass_road_LDV_4W_other","Large Car and Truck",2010,"CORE",57067.0793859912
"Brazil","trn_pass_road_LDV_4W_other","Large Car and Truck",2015,"CORE",72093.4646002281
"Brazil","trn_pass_road_LDV_4W_other","Large Car and Truck",2021,"CORE",77851.0902358941
"Brazil","trn_pass_road_LDV_4W_other","Mini Car",1975,"CORE",46944.5921996548
"Brazil","trn_pass_road_LDV_4W_other","Mini Car",1990,"CORE",73416.027130155
"Brazil","trn_pass_road_LDV_4W_other","Mini Car",2005,"CORE",122053.821890203
"Brazil","trn_pass_road_LDV_4W_other","Mini Car",2010,"CORE",167906.372531972
"Brazil","trn_pass_road_LDV_4W_other","Mini Car",2015,"CORE",212118.063016088
"Brazil","trn_pass_road_LDV_4W_other","Mini Car",2021,"CORE",229058.496867455
"Canada","trn_pass_other","Domestic Aviation",1975,"CORE",40069.0366094795
"Canada","trn_pass_other","Domestic Aviation",1990,"CORE",51381.9589232591
"Canada","trn_pass_other","Domestic Aviation",2005,"CORE",68193.3953208351
"Canada","trn_pass_other","Domestic Aviation",2010,"CORE",61882.9270019657
"Canada","trn_pass_other","Domestic Aviation",2015,"CORE",76446.7201736679
"Canada","trn_pass_other","Domestic Aviation",2021,"CORE",51627.3422177712
"Canada","trn_pass_other","HSR",1975,"CORE",0
"Canada","trn_pass_other","HSR",1990,"CORE",0
"Canada","trn_pass_other","HSR",2005,"CORE",0
"Canada","trn_pass_other","HSR",2010,"CORE",0
"Canada","trn_pass_other","HSR",2015,"CORE",0
"Canada","trn_pass_other","HSR",2021,"CORE",0
"Canada","trn_pass_other","Passenger Rail",1975,"CORE",2948.72811756129
"Canada","trn_pass_other","Passenger Rail",1990,"CORE",4904.70122157471
"Canada","trn_pass_other","Passenger Rail",2005,"CORE",6389.70333053366
"Canada","trn_pass_other","Passenger Rail",2010,"CORE",6599.51355351505
"Canada","trn_pass_other","Passenger Rail",2015,"CORE",7907.45365317226
"Canada","trn_pass_other","Passenger Rail",2021,"CORE",7681.35428302264
"Canada","trn_pass_road_other","Bus",1975,"CORE",25142.08611979
"Canada","trn_pass_road_other","Bus",1990,"CORE",28534.017604235
"Canada","trn_pass_road_other","Bus",2005,"CORE",38418.9009010599
"Canada","trn_pass_road_other","Bus",2010,"CORE",42175.9016094353
"Canada","trn_pass_road_other","Bus",2015,"CORE",43431.0914260296
"Canada","trn_pass_road_other","Bus",2021,"CORE",40579.0756030157
"Canada","trn_pass_road_LDV_4W_other","Car",1975,"CORE",159641.44576331
"Canada","trn_pass_road_LDV_4W_other","Car",1990,"CORE",177924.074943317
"Canada","trn_pass_road_LDV_4W_other","Car",2005,"CORE",240327.362571261
"Canada","trn_pass_road_LDV_4W_other","Car",2010,"CORE",274200.024893829
"Canada","trn_pass_road_LDV_4W_other","Car",2015,"CORE",289522.596035653
"Canada","trn_pass_road_LDV_4W_other","Car",2021,"CORE",281509.576707914
"Canada","trn_pass_road_LDV_4W_other","Large Car and Truck",1975,"CORE",91756.2585806695
"Canada","trn_pass_road_LDV_4W_other","Large Car and Truck",1990,"CORE",102264.366037821
"Canada","trn_pass_road_LDV_4W_other","Large Car and Truck",2005,"CORE",138131.567211434
"Canada","trn_pass_road_LDV_4W_other","Large Car and Truck",2010,"CORE",157602.150621928
"Canada","trn_pass_road_LDV_4W_other","Large Car and Truck",2015,"CORE",166410.979544624
"Canada","trn_pass_road_LDV_4W_other","Large Car and Truck",2021,"CORE",161807.187796145
"Central America and Caribbean","trn_pass_other","Domestic Aviation",1975,"CORE",3778.73569411066
"Central America and Caribbean","trn_pass_other","Domestic Aviation",1990,"CORE",4804.29046369698
"Central America and Caribbean","trn_pass_other","Domestic Aviation",2005,"CORE",9822.81486020763
"Central America and Caribbean","trn_pass_other","Domestic Aviation",2010,"CORE",10836.1210869586
"Central America and Caribbean","trn_pass_other","Domestic Aviation",2015,"CORE",12142.5216322727
"Central America and Caribbean","trn_pass_other","Domestic Aviation",2021,"CORE",9316.45897543566
"Central America and Caribbean","trn_pass_other","HSR",1975,"CORE",0
"Central America and Caribbean","trn_pass_other","HSR",1990,"CORE",0
"Central America and Caribbean","trn_pass_other","HSR",2005,"CORE",0
"Central America and Caribbean","trn_pass_other","HSR",2010,"CORE",0
"Central America and Caribbean","trn_pass_other","HSR",2015,"CORE",0
"Central America and Caribbean","trn_pass_other","HSR",2021,"CORE",0
"Central America and Caribbean","trn_pass_other","Passenger Rail",1975,"CORE",91.8921695305983
"Central America and Caribbean","trn_pass_other","Passenger Rail",1990,"CORE",159.302471052112
"Central America and Caribbean","trn_pass_other","Passenger Rail",2005,"CORE",177.981444614247
"Central America and Caribbean","trn_pass_other","Passenger Rail",2010,"CORE",416.613144559659
"Central America and Caribbean","trn_pass_other","Passenger Rail",2015,"CORE",601.516116971285
"Central America and Caribbean","trn_pass_other","Passenger Rail",2021,"CORE",564.245951004623
"Central America and Caribbean","trn_pass_road_other","Bus",1975,"CORE",16263.0607369687
"Central America and Caribbean","trn_pass_road_other","Bus",1990,"CORE",23338.1395822333
"Central America and Caribbean","trn_pass_road_other","Bus",2005,"CORE",40940.5792250173
"Central America and Caribbean","trn_pass_road_other","Bus",2010,"CORE",45977.5280722286
"Central America and Caribbean","trn_pass_road_other","Bus",2015,"CORE",51378.8071673499
"Central America and Caribbean","trn_pass_road_other","Bus",2021,"CORE",59187.8658765075
"Central America and Caribbean","trn_pass_road_LDV_4W_other","Car",1975,"CORE",17595.4115208234
"Central America and Caribbean","trn_pass_road_LDV_4W_other","Car",1990,"CORE",25354.7080223516
"Central America and Caribbean","trn_pass_road_LDV_4W_other","Car",2005,"CORE",44399.9468233254
"Central America and Caribbean","trn_pass_road_LDV_4W_other","Car",2010,"CORE",51765.0759136596
"Central America and Caribbean","trn_pass_road_LDV_4W_other","Car",2015,"CORE",60048.3317689254
"Central America and Caribbean","trn_pass_road_LDV_4W_other","Car",2021,"CORE",72450.8882203394
"Central America and Caribbean","trn_pass_road_LDV_4W_other","Large Car and Truck",1975,"CORE",3298.35659843513
"Central America and Caribbean","trn_pass_road_LDV_4W_other","Large Car and Truck",1990,"CORE",4766.95114733524
"Central America and Caribbean","trn_pass_road_LDV_4W_other","Large Car and Truck",2005,"CORE",8339.15413946994
"Central America and Caribbean","trn_pass_road_LDV_4W_other","Large Car and Truck",2010,"CORE",9724.51655244929
"Central America and Caribbean","trn_pass_road_LDV_4W_other","Large Car and Truck",2015,"CORE",11275.5184043187
"Central America and Caribbean","trn_pass_road_LDV_4W_other","Large Car and Truck",2021,"CORE",13593.3353741299
"Central America and Caribbean","trn_pass_road_LDV_4W_other","Mini Car",1975,"CORE",3611.63374494779
"Central America and Caribbean","trn_pass_road_LDV_4W_other","Mini Car",1990,"CORE",5179.40169194125
"Central America and Caribbean","trn_pass_road_LDV_4W_other","Mini Car",2005,"CORE",9085.09056912203
"Central America and Caribbean","trn_pass_road_LDV_4W_other","Mini Car",2010,"CORE",10590.7788692899
"Central America and Caribbean","trn_pass_road_LDV_4W_other","Mini Car",2015,"CORE",12336.9263968606
"Central America and Caribbean","trn_pass_road_LDV_4W_other","Mini Car",2021,"CORE",14881.8107014883
"Central Asia","trn_pass_other","Domestic Aviation",1975,"CORE",8601.79905152133
"Central Asia","trn_pass_other","Domestic Aviation",1990,"CORE",22129.6683460264
"Central Asia","trn_pass_other","Domestic Aviation",2005,"CORE",14930.0964902584
"Central Asia","trn_pass_other","Domestic Aviation",2010,"CORE",19475.477287534
"Central Asia","trn_pass_other","Domestic Aviation",2015,"CORE",16573.4083292181
"Central Asia","trn_pass_other","Domestic Aviation",2021,"CORE",15345.3626996257
"Central Asia","trn_pass_other","HSR",1975,"CORE",0
"Central Asia","trn_pass_other","HSR",1990,"CORE",0
"Central Asia","trn_pass_other","HSR",2005,"CORE",0
"Central Asia","trn_pass_other","HSR",2010,"CORE",0
"Central Asia","trn_pass_other","HSR",2015,"CORE",0
"Central Asia","trn_pass_other","HSR",2021,"CORE",0
"Central Asia","trn_pass_other","Passenger Rail",1975,"CORE",23127.1849991394
"Central Asia","trn_pass_other","Passenger Rail",1990,"CORE",21506.1801431077
"Central Asia","trn_pass_other","Passenger Rail",2005,"CORE",12344.7342789142
"Central Asia","trn_pass_other","Passenger Rail",2010,"CORE",13165.6925742614
"Central Asia","trn_pass_other","Passenger Rail",2015,"CORE",13909.3861895542
"Central Asia","trn_pass_other","Passenger Rail",2021,"CORE",14784.0173662392
"Central Asia","trn_pass_road_other","Bus",1975,"CORE",34650.0222431882
"Central Asia","trn_pass_road_other","Bus",1990,"CORE",72300.9337833797
"Central Asia","trn_pass_road_other","Bus",2005,"CORE",50010.8131949084
"Central Asia","trn_pass_road_other","Bus",2010,"CORE",68994.3470172706
"Central Asia","trn_pass_road_other","Bus",2015,"CORE",99493.8040491711
"Central Asia","trn_pass_road_other","Bus",2021,"CORE",193348.435407801
"Central Asia","trn_pass_road_LDV_4W_other","Car",1975,"CORE",75235.6535637814
"Central Asia","trn_pass_road_LDV_4W_other","Car",1990,"CORE",91238.2581287223
"Central Asia","trn_pass_road_LDV_4W_other","Car",2005,"CORE",60198.8265095938
"Central Asia","trn_pass_road_LDV_4W_other","Car",2010,"CORE",79687.502919603
"Central Asia","trn_pass_road_LDV_4W_other","Car",2015,"CORE",96366.9425522524
"Central Asia","trn_pass_road_LDV_4W_other","Car",2021,"CORE",131250.121427466
"Central Asia","trn_pass_road_LDV_4W_other","Large Car and Truck",1975,"CORE",9365.84039087602
"Central Asia","trn_pass_road_LDV_4W_other","Large Car and Truck",1990,"CORE",11501.8600253896
"Central Asia","trn_pass_road_LDV_4W_other","Large Car and Truck",2005,"CORE",7596.00561005681
"Central Asia","trn_pass_road_LDV_4W_other","Large Car and Truck",2010,"CORE",10055.3737535245
"Central Asia","trn_pass_road_LDV_4W_other","Large Car and Truck",2015,"CORE",12184.8174535705
"Central Asia","trn_pass_road_LDV_4W_other","Large Car and Truck",2021,"CORE",16605.001747427
"Central Asia","trn_pass_road_LDV_4W_other","Mini Car",1975,"CORE",0
"Central Asia","trn_pass_road_LDV_4W_other","Mini Car",1990,"CORE",254.792743655889
"Central Asia","trn_pass_road_LDV_4W_other","Mini Car",2005,"CORE",190.017735353254
"Central Asia","trn_pass_road_LDV_4W_other","Mini Car",2010,"CORE",246.323719010315
"Central Asia","trn_pass_road_LDV_4W_other","Mini Car",2015,"CORE",364.792660997521
"Central Asia","trn_pass_road_LDV_4W_other","Mini Car",2021,"CORE",510.40868813226
"China","trn_pass_other","Domestic Aviation",1975,"CORE",449.778819484391
"China","trn_pass_other","Domestic Aviation",1990,"CORE",11717.8740634149
"China","trn_pass_other","Domestic Aviation",2005,"CORE",103982.330637953
"China","trn_pass_other","Domestic Aviation",2010,"CORE",177180.6416247
"China","trn_pass_other","Domestic Aviation",2015,"CORE",282555.433552254
"China","trn_pass_other","Domestic Aviation",2021,"CORE",383259.056390572
"China","trn_pass_other","HSR",1975,"CORE",0
"China","trn_pass_other","HSR",1990,"CORE",0
"China","trn_pass_other","HSR",2005,"CORE",0
"China","trn_pass_other","HSR",2010,"CORE",0
"China","trn_pass_other","HSR",2015,"CORE",0
"China","trn_pass_other","HSR",2021,"CORE",0
"China","trn_pass_other","Passenger Rail",1975,"CORE",35347.5794919297
"China","trn_pass_other","Passenger Rail",1990,"CORE",76798.6143480869
"China","trn_pass_other","Passenger Rail",2005,"CORE",355595.93339442
"China","trn_pass_other","Passenger Rail",2010,"CORE",559420.100847596
"China","trn_pass_other","Passenger Rail",2015,"CORE",870708.718049007
"China","trn_pass_other","Passenger Rail",2021,"CORE",1304607.54894127
"China","trn_pass_road_other","Bus",1975,"CORE",195507.222079038
"China","trn_pass_road_other","Bus",1990,"CORE",347977.598095013
"China","trn_pass_road_other","Bus",2005,"CORE",1937528.08216081
"China","trn_pass_road_other","Bus",2010,"CORE",3005933.32330422
"China","trn_pass_road_other","Bus",2015,"CORE",4687510.33684649
"China","trn_pass_road_other","Bus",2021,"CORE",5649709.84299118
"China","trn_pass_road_LDV_4W_other","Car",1975,"CORE",23052.180685091
"China","trn_pass_road_LDV_4W_other","Car",1990,"CORE",42975.7883827568
"China","trn_pass_road_LDV_4W_other","Car",2005,"CORE",222834.947591309
"China","trn_pass_road_LDV_4W_other","Car",2010,"CORE",331174.078156524
"China","trn_pass_road_LDV_4W_other","Car",2015,"CORE",498884.536209348
"China","trn_pass_road_LDV_4W_other","Car",2021,"CORE",585094.416551262
"China","trn_pass_road_LDV_4W_other","Large Car and Truck",1975,"CORE",5892.55667798717
"China","trn_pass_road_LDV_4W_other","Large Car and Truck",1990,"CORE",11083.5218809928
"China","trn_pass_road_LDV_4W_other","Large Car and Truck",2005,"CORE",56136.2540500483
"China","trn_pass_road_LDV_4W_other","Large Car and Truck",2010,"CORE",82672.9323192302
"China","trn_pass_road_LDV_4W_other","Large Car and Truck",2015,"CORE",122237.734939275
"China","trn_pass_road_LDV_4W_other","Large Car and Truck",2021,"CORE",142844.645318726
"China","trn_pass_road_LDV_4W_other","Mini Car",1975,"CORE",6631.85096656705
"China","trn_pass_road_LDV_4W_other","Mini Car",1990,"CORE",12551.2012903312
"China","trn_pass_road_LDV_4W_other","Mini Car",2005,"CORE",65922.3496863369
"China","trn_pass_road_LDV_4W_other","Mini Car",2010,"CORE",105917.794262102
"China","trn_pass_road_LDV_4W_other","Mini Car",2015,"CORE",171703.753930059
"China","trn_pass_road_LDV_4W_other","Mini Car",2021,"CORE",214272.954531926
"Colombia","trn_pass_other","Domestic Aviation",1975,"CORE",1380.17165767953
"Colombia","trn_pass_other","Domestic Aviation",1990,"CORE",2206.7032430959
"Colombia","trn_pass_other","Domestic Aviation",2005,"CORE",2554.72590513333
"Colombia","trn_pass_other","Domestic Aviation",2010,"CORE",3294.25331923637
"Colombia","trn_pass_other","Domestic Aviation",2015,"CORE",5702.25774873773
"Colombia","trn_pass_other","Domestic Aviation",2021,"CORE",3995.43650635727
"Colombia","trn_pass_other","HSR",1975,"CORE",0
"Colombia","trn_pass_other","HSR",1990,"CORE",0
"Colombia","trn_pass_other","HSR",2005,"CORE",0
"Colombia","trn_pass_other","HSR",2010,"CORE",0
"Colombia","trn_pass_other","HSR",2015,"CORE",0
"Colombia","trn_pass_other","HSR",2021,"CORE",0
"Colombia","trn_pass_other","Passenger Rail",1975,"CORE",9.88457904915472
"Colombia","trn_pass_other","Passenger Rail",1990,"CORE",17.259487693847
"Colombia","trn_pass_other","Passenger Rail",2005,"CORE",81.7822244819895
"Colombia","trn_pass_other","Passenger Rail",2010,"CORE",101.953784643974
"Colombia","trn_pass_other","Passenger Rail",2015,"CORE",159.791458521733
"Colombia","trn_pass_other","Passenger Rail",2021,"CORE",154.404147907263
"Colombia","trn_pass_road_other","Bus",1975,"CORE",11316.9331997823
"Colombia","trn_pass_road_other","Bus",1990,"CORE",19830.1447187062
"Colombia","trn_pass_road_other","Bus",2005,"CORE",24086.7579737633
"Colombia","trn_pass_road_other","Bus",2010,"CORE",26479.0764343991
"Colombia","trn_pass_road_other","Bus",2015,"CORE",37640.5924079887
"Colombia","trn_pass_road_other","Bus",2021,"CORE",45723.9138061801
"Colombia","trn_pass_road_LDV_4W_other","Car",1975,"CORE",12226.6424511356
"Colombia","trn_pass_road_LDV_4W_other","Car",1990,"CORE",21437.1609999012
"Colombia","trn_pass_road_LDV_4W_other","Car",2005,"CORE",26258.931745424
"Colombia","trn_pass_road_LDV_4W_other","Car",2010,"CORE",30254.0190795353
"Colombia","trn_pass_road_LDV_4W_other","Car",2015,"CORE",44535.5587265738
"Colombia","trn_pass_road_LDV_4W_other","Car",2021,"CORE",56291.9249744495
"Colombia","trn_pass_road_LDV_4W_other","Large Car and Truck",1975,"CORE",2289.28270160119
"Colombia","trn_pass_road_LDV_4W_other","Large Car and Truck",1990,"CORE",4020.19288620335
"Colombia","trn_pass_road_LDV_4W_other","Large Car and Truck",2005,"CORE",5033.22655694811
"Colombia","trn_pass_road_LDV_4W_other","Large Car and Truck",2010,"CORE",5944.91423371861
"Colombia","trn_pass_road_LDV_4W_other","Large Car and Truck",2015,"CORE",8672.23582900534
"Colombia","trn_pass_road_LDV_4W_other","Large Car and Truck",2021,"CORE",10762.5457284791
"Colombia","trn_pass_road_LDV_4W_other","Mini Car",1975,"CORE",2514.32695338859
"Colombia","trn_pass_road_LDV_4W_other","Mini Car",1990,"CORE",4422.90313783851
"Colombia","trn_pass_road_LDV_4W_other","Mini Car",2005,"CORE",5664.95091330937
"Colombia","trn_pass_road_LDV_4W_other","Mini Car",2010,"CORE",6858.70630294273
"Colombia","trn_pass_road_LDV_4W_other","Mini Car",2015,"CORE",9916.89166387191
"Colombia","trn_pass_road_LDV_4W_other","Mini Car",2021,"CORE",12082.5932905275
"EU-12","trn_pass_other","Domestic Aviation",1975,"CORE",985.384743673125
"EU-12","trn_pass_other","Domestic Aviation",1990,"CORE",5257.66123394166
"EU-12","trn_pass_other","Domestic Aviation",2005,"CORE",5189.00388099976
"EU-12","trn_pass_other","Domestic Aviation",2010,"CORE",5816.93958580194
"EU-12","trn_pass_other","Domestic Aviation",2015,"CORE",6214.32756652124
"EU-12","trn_pass_other","Domestic Aviation",2021,"CORE",4662.89488405894
"EU-12","trn_pass_other","HSR",1975,"CORE",18.8741966506607
"EU-12","trn_pass_other","HSR",1990,"CORE",0
"EU-12","trn_pass_other","HSR",2005,"CORE",0
"EU-12","trn_pass_other","HSR",2010,"CORE",0
"EU-12","trn_pass_other","HSR",2015,"CORE",0
"EU-12","trn_pass_other","HSR",2021,"CORE",0
"EU-12","trn_pass_other","Passenger Rail",1975,"CORE",27108.5308162674
"EU-12","trn_pass_other","Passenger Rail",1990,"CORE",44132.5507810552
"EU-12","trn_pass_other","Passenger Rail",2005,"CORE",33543.4717722721
"EU-12","trn_pass_other","Passenger Rail",2010,"CORE",30245.4081134424
"EU-12","trn_pass_other","Passenger Rail",2015,"CORE",28442.5797663622
"EU-12","trn_pass_other","Passenger Rail",2021,"CORE",31996.9434390327
"EU-12","trn_pass_road_other","Bus",1975,"CORE",49769.7026814195
"EU-12","trn_pass_road_other","Bus",1990,"CORE",62396.9387334688
"EU-12","trn_pass_road_other","Bus",2005,"CORE",92372.9296101317
"EU-12","trn_pass_road_other","Bus",2010,"CORE",111837.341868358
"EU-12","trn_pass_road_other","Bus",2015,"CORE",116981.942037705
"EU-12","trn_pass_road_other","Bus",2021,"CORE",150916.750316146
"EU-12","trn_pass_road_LDV_4W_other","Car",1975,"CORE",160260.833453463
"EU-12","trn_pass_road_LDV_4W_other","Car",1990,"CORE",201604.933650864
"EU-12","trn_pass_road_LDV_4W_other","Car",2005,"CORE",300307.078878571
"EU-12","trn_pass_road_LDV_4W_other","Car",2010,"CORE",373435.548573963
"EU-12","trn_pass_road_LDV_4W_other","Car",2015,"CORE",397771.405000092
"EU-12","trn_pass_road_LDV_4W_other","Car",2021,"CORE",526152.006856771
"EU-12","trn_pass_road_LDV_4W_other","Large Car and Truck",1975,"CORE",2265.60860565482
"EU-12","trn_pass_road_LDV_4W_other","Large Car and Truck",1990,"CORE",3768.38914416721
"EU-12","trn_pass_road_LDV_4W_other","Large Car and Truck",2005,"CORE",3899.32193100787
"EU-12","trn_pass_road_LDV_4W_other","Large Car and Truck",2010,"CORE",4416.71334984027
"EU-12","trn_pass_road_LDV_4W_other","Large Car and Truck",2015,"CORE",4538.84055016319
"EU-12","trn_pass_road_LDV_4W_other","Large Car and Truck",2021,"CORE",5271.13820700588
"EU-15","trn_pass_other","Domestic Aviation",1975,"CORE",120137.312636012
"EU-15","trn_pass_other","Domestic Aviation",1990,"CORE",195556.498146915
"EU-15","trn_pass_other","Domestic Aviation",2005,"CORE",336185.646214759
"EU-15","trn_pass_other","Domestic Aviation",2010,"CORE",338603.3175345
"EU-15","trn_pass_other","Domestic Aviation",2015,"CORE",364106.29002901
"EU-15","trn_pass_other","Domestic Aviation",2021,"CORE",227935.257505818
"EU-15","trn_pass_other","HSR",1975,"CORE",12866.5113045566
"EU-15","trn_pass_other","HSR",1990,"CORE",19240.2949130717
"EU-15","trn_pass_other","HSR",2005,"CORE",22429.6086604073
"EU-15","trn_pass_other","HSR",2010,"CORE",21640.428219399
"EU-15","trn_pass_other","HSR",2015,"CORE",21929.8543340358
"EU-15","trn_pass_other","HSR",2021,"CORE",23921.7731329018
"EU-15","trn_pass_other","Passenger Rail",1975,"CORE",111343.722236517
"EU-15","trn_pass_other","Passenger Rail",1990,"CORE",168916.018267388
"EU-15","trn_pass_other","Passenger Rail",2005,"CORE",198679.631301208
"EU-15","trn_pass_other","Passenger Rail",2010,"CORE",191700.05957466
"EU-15","trn_pass_other","Passenger Rail",2015,"CORE",193000.637446437
"EU-15","trn_pass_other","Passenger Rail",2021,"CORE",205967.924681572
"EU-15","trn_pass_road_other","Bus",1975,"CORE",215005.706576039
"EU-15","trn_pass_road_other","Bus",1990,"CORE",344879.901725376
"EU-15","trn_pass_road_other","Bus",2005,"CORE",432789.739684903
"EU-15","trn_pass_road_other","Bus",2010,"CORE",434291.432219544
"EU-15","trn_pass_road_other","Bus",2015,"CORE",441112.156973624
"EU-15","trn_pass_road_other","Bus",2021,"CORE",442803.367401433
"EU-15","trn_pass_road_LDV_4W_other","Car",1975,"CORE",1078423.9729811
"EU-15","trn_pass_road_LDV_4W_other","Car",1990,"CORE",1764000.12615114
"EU-15","trn_pass_road_LDV_4W_other","Car",2005,"CORE",2167075.52500564
"EU-15","trn_pass_road_LDV_4W_other","Car",2010,"CORE",2166166.24478365
"EU-15","trn_pass_road_LDV_4W_other","Car",2015,"CORE",2191638.9575615
"EU-15","trn_pass_road_LDV_4W_other","Car",2021,"CORE",2177747.45958311
"EU-15","trn_pass_road_LDV_4W_other","Large Car and Truck",1975,"CORE",243260.525987305
"EU-15","trn_pass_road_LDV_4W_other","Large Car and Truck",1990,"CORE",397904.223460132
"EU-15","trn_pass_road_LDV_4W_other","Large Car and Truck",2005,"CORE",488827.269246988
"EU-15","trn_pass_road_LDV_4W_other","Large Car and Truck",2010,"CORE",489344.273917532
"EU-15","trn_pass_road_LDV_4W_other","Large Car and Truck",2015,"CORE",495873.365304047
"EU-15","trn_pass_road_LDV_4W_other","Large Car and Truck",2021,"CORE",493662.893341888
"EU-15","trn_pass_road_LDV_4W_other","Mini Car",1975,"CORE",1.08224554111206
"EU-15","trn_pass_road_LDV_4W_other","Mini Car",1990,"CORE",7.89137373727543
"EU-15","trn_pass_road_LDV_4W_other","Mini Car",2005,"CORE",16.1434959882549
"EU-15","trn_pass_road_LDV_4W_other","Mini Car",2010,"CORE",23.1799581828333
"EU-15","trn_pass_road_LDV_4W_other","Mini Car",2015,"CORE",17.9708997550767
"EU-15","trn_pass_road_LDV_4W_other","Mini Car",2021,"CORE",19.4071859872133
"Europe_Non_EU","trn_pass_other","Domestic Aviation",1975,"CORE",1317.4814978203
"Europe_Non_EU","trn_pass_other","Domestic Aviation",1990,"CORE",4289.535659102
"Europe_Non_EU","trn_pass_other","Domestic Aviation",2005,"CORE",14489.6096090803
"Europe_Non_EU","trn_pass_other","Domestic Aviation",2010,"CORE",12133.2457415795
"Europe_Non_EU","trn_pass_other","Domestic Aviation",2015,"CORE",37187.7922950641
"Europe_Non_EU","trn_pass_other","Domestic Aviation",2021,"CORE",30335.7225270278
"Europe_Non_EU","trn_pass_other","HSR",1975,"CORE",168.226704486261
"Europe_Non_EU","trn_pass_other","HSR",1990,"CORE",140.424343080037
"Europe_Non_EU","trn_pass_other","HSR",2005,"CORE",258.404074381718
"Europe_Non_EU","trn_pass_other","HSR",2010,"CORE",169.944174390785
"Europe_Non_EU","trn_pass_other","HSR",2015,"CORE",331.859898436808
"Europe_Non_EU","trn_pass_other","HSR",2021,"CORE",564.676195150084
"Europe_Non_EU","trn_pass_other","Passenger Rail",1975,"CORE",15411.9575413235
"Europe_Non_EU","trn_pass_other","Passenger Rail",1990,"CORE",7682.87135013998
"Europe_Non_EU","trn_pass_other","Passenger Rail",2005,"CORE",8033.32741177011
"Europe_Non_EU","trn_pass_other","Passenger Rail",2010,"CORE",8417.2398725069
"Europe_Non_EU","trn_pass_other","Passenger Rail",2015,"CORE",10344.2575416826
"Europe_Non_EU","trn_pass_other","Passenger Rail",2021,"CORE",13656.1522980043
"Europe_Non_EU","trn_pass_road_other","Bus",1975,"CORE",22566.2712357895
"Europe_Non_EU","trn_pass_road_other","Bus",1990,"CORE",37114.4302683628
"Europe_Non_EU","trn_pass_road_other","Bus",2005,"CORE",41561.6805542666
"Europe_Non_EU","trn_pass_road_other","Bus",2010,"CORE",51511.2891539213
"Europe_Non_EU","trn_pass_road_other","Bus",2015,"CORE",65903.6289350637
"Europe_Non_EU","trn_pass_road_other","Bus",2021,"CORE",79768.4590511643
"Europe_Non_EU","trn_pass_road_LDV_4W_other","Car",1975,"CORE",78047.9275384453
"Europe_Non_EU","trn_pass_road_LDV_4W_other","Car",1990,"CORE",136069.451579862
"Europe_Non_EU","trn_pass_road_LDV_4W_other","Car",2005,"CORE",167704.209797851
"Europe_Non_EU","trn_pass_road_LDV_4W_other","Car",2010,"CORE",207611.513883823
"Europe_Non_EU","trn_pass_road_LDV_4W_other","Car",2015,"CORE",295988.185348929
"Europe_Non_EU","trn_pass_road_LDV_4W_other","Car",2021,"CORE",378192.61889473
"Europe_Non_EU","trn_pass_road_LDV_4W_other","Large Car and Truck",1975,"CORE",10328.6306351138
"Europe_Non_EU","trn_pass_road_LDV_4W_other","Large Car and Truck",1990,"CORE",19368.3075120873
"Europe_Non_EU","trn_pass_road_LDV_4W_other","Large Car and Truck",2005,"CORE",22335.4431840393
"Europe_Non_EU","trn_pass_road_LDV_4W_other","Large Car and Truck",2010,"CORE",28582.3886696932
"Europe_Non_EU","trn_pass_road_LDV_4W_other","Large Car and Truck",2015,"CORE",47448.0473488177
"Europe_Non_EU","trn_pass_road_LDV_4W_other","Large Car and Truck",2021,"CORE",62049.5265489765
"European Free Trade Association","trn_pass_other","Domestic Aviation",1975,"CORE",6994.64168705295
"European Free Trade Association","trn_pass_other","Domestic Aviation",1990,"CORE",12286.5367668676
"European Free Trade Association","trn_pass_other","Domestic Aviation",2005,"CORE",13918.602968407
"European Free Trade Association","trn_pass_other","Domestic Aviation",2010,"CORE",17155.3493947034
"European Free Trade Association","trn_pass_other","Domestic Aviation",2015,"CORE",20924.9338891703
"European Free Trade Association","trn_pass_other","Domestic Aviation",2021,"CORE",10864.1321728446
"European Free Trade Association","trn_pass_other","HSR",1975,"CORE",1220.32767174984
"European Free Trade Association","trn_pass_other","HSR",1990,"CORE",1567.39100207418
"European Free Trade Association","trn_pass_other","HSR",2005,"CORE",1704.22874684964
"European Free Trade Association","trn_pass_other","HSR",2010,"CORE",1641.55324919505
"European Free Trade Association","trn_pass_other","HSR",2015,"CORE",1975.44481938288
"European Free Trade Association","trn_pass_other","HSR",2021,"CORE",2587.31280702681
"European Free Trade Association","trn_pass_other","Passenger Rail",1975,"CORE",9564.01297240024
"European Free Trade Association","trn_pass_other","Passenger Rail",1990,"CORE",12451.1838523332
"European Free Trade Association","trn_pass_other","Passenger Rail",2005,"CORE",13632.702748461
"European Free Trade Association","trn_pass_other","Passenger Rail",2010,"CORE",13217.7578676162
"European Free Trade Association","trn_pass_other","Passenger Rail",2015,"CORE",15632.7972998788
"European Free Trade Association","trn_pass_other","Passenger Rail",2021,"CORE",20023.4727295222
"European Free Trade Association","trn_pass_road_other","Bus",1975,"CORE",7635.13322995338
"European Free Trade Association","trn_pass_road_other","Bus",1990,"CORE",11808.2067662965
"European Free Trade Association","trn_pass_road_other","Bus",2005,"CORE",14369.4844051545
"European Free Trade Association","trn_pass_road_other","Bus",2010,"CORE",16802.0203047427
"European Free Trade Association","trn_pass_road_other","Bus",2015,"CORE",19943.5089744598
"European Free Trade Association","trn_pass_road_other","Bus",2021,"CORE",18924.631302525
"European Free Trade Association","trn_pass_road_LDV_4W_other","Car",1975,"CORE",39857.183411856
"European Free Trade Association","trn_pass_road_LDV_4W_other","Car",1990,"CORE",61641.8682533911
"European Free Trade Association","trn_pass_road_LDV_4W_other","Car",2005,"CORE",72984.3734569792
"European Free Trade Association","trn_pass_road_LDV_4W_other","Car",2010,"CORE",78461.4023532768
"European Free Trade Association","trn_pass_road_LDV_4W_other","Car",2015,"CORE",79410.5936778218
"European Free Trade Association","trn_pass_road_LDV_4W_other","Car",2021,"CORE",77062.8588964763
"European Free Trade Association","trn_pass_road_LDV_4W_other","Large Car and Truck",1975,"CORE",8990.5407244103
"European Free Trade Association","trn_pass_road_LDV_4W_other","Large Car and Truck",1990,"CORE",13904.4875558776
"European Free Trade Association","trn_pass_road_LDV_4W_other","Large Car and Truck",2005,"CORE",16463.098006894
"European Free Trade Association","trn_pass_road_LDV_4W_other","Large Car and Truck",2010,"CORE",17725.0100939519
"European Free Trade Association","trn_pass_road_LDV_4W_other","Large Car and Truck",2015,"CORE",17968.1673147771
"European Free Trade Association","trn_pass_road_LDV_4W_other","Large Car and Truck",2021,"CORE",17469.8427784412
"India","trn_pass_other","Domestic Aviation",1975,"CORE",6382.31127948295
"India","trn_pass_other","Domestic Aviation",1990,"CORE",11930.1002166061
"India","trn_pass_other","Domestic Aviation",2005,"CORE",23439.6060210134
"India","trn_pass_other","Domestic Aviation",2010,"CORE",37053.4428929029
"India","trn_pass_other","Domestic Aviation",2015,"CORE",46837.2689895505
"India","trn_pass_other","Domestic Aviation",2021,"CORE",39624.4709212987
"India","trn_pass_other","HSR",1975,"CORE",0
"India","trn_pass_other","HSR",1990,"CORE",0
"India","trn_pass_other","HSR",2005,"CORE",0
"India","trn_pass_other","HSR",2010,"CORE",0
"India","trn_pass_other","HSR",2015,"CORE",0
"India","trn_pass_other","HSR",2021,"CORE",0
"India","trn_pass_other","Passenger Rail",1975,"CORE",69424.983423068
"India","trn_pass_other","Passenger Rail",1990,"CORE",153776.754786285
"India","trn_pass_other","Passenger Rail",2005,"CORE",344747.155017173
"India","trn_pass_other","Passenger Rail",2010,"CORE",514430.067588159
"India","trn_pass_other","Passenger Rail",2015,"CORE",670526.286464934
"India","trn_pass_other","Passenger Rail",2021,"CORE",788073.537488237
"India","trn_pass_road_other","Bus",1975,"CORE",64791.9675397361
"India","trn_pass_road_other","Bus",1990,"CORE",144905.50402454
"India","trn_pass_road_other","Bus",2005,"CORE",333188.309026565
"India","trn_pass_road_other","Bus",2010,"CORE",570121.038793828
"India","trn_pass_road_other","Bus",2015,"CORE",771253.255958195
"India","trn_pass_road_other","Bus",2021,"CORE",950028.48669349
"India","trn_pass_road_LDV_4W_other","Car",1975,"CORE",6768.70109316605
"India","trn_pass_road_LDV_4W_other","Car",1990,"CORE",15137.9643473998
"India","trn_pass_road_LDV_4W_other","Car",2005,"CORE",33582.1479755983
"India","trn_pass_road_LDV_4W_other","Car",2010,"CORE",57799.4582866642
"India","trn_pass_road_LDV_4W_other","Car",2015,"CORE",79401.6012210119
"India","trn_pass_road_LDV_4W_other","Car",2021,"CORE",97132.6676742258
"India","trn_pass_road_LDV_4W_other","Large Car and Truck",1975,"CORE",3002.57109481908
"India","trn_pass_road_LDV_4W_other","Large Car and Truck",1990,"CORE",6715.21278784164
"India","trn_pass_road_LDV_4W_other","Large Car and Truck",2005,"CORE",13931.6001983488
"India","trn_pass_road_LDV_4W_other","Large Car and Truck",2010,"CORE",24233.1851919617
"India","trn_pass_road_LDV_4W_other","Large Car and Truck",2015,"CORE",33822.530951959
"India","trn_pass_road_LDV_4W_other","Large Car and Truck",2021,"CORE",40578.6118115967
"India","trn_pass_road_LDV_4W_other","Mini Car",1975,"CORE",3516.743579546
"India","trn_pass_road_LDV_4W_other","Mini Car",1990,"CORE",7865.13076138098
"India","trn_pass_road_LDV_4W_other","Mini Car",2005,"CORE",16317.2786995184
"India","trn_pass_road_LDV_4W_other","Mini Car",2010,"CORE",27702.001203417
"India","trn_pass_road_LDV_4W_other","Mini Car",2015,"CORE",37872.2387939418
"India","trn_pass_road_LDV_4W_other","Mini Car",2021,"CORE",44106.890762156
"Indonesia","trn_pass_other","Domestic Aviation",1975,"CORE",199.687564220658
"Indonesia","trn_pass_other","Domestic Aviation",1990,"CORE",453.840763997863
"Indonesia","trn_pass_other","Domestic Aviation",2005,"CORE",1429.74517028189
"Indonesia","trn_pass_other","Domestic Aviation",2010,"CORE",2222.06293674584
"Indonesia","trn_pass_other","Domestic Aviation",2015,"CORE",2799.66209023454
"Indonesia","trn_pass_other","Domestic Aviation",2021,"CORE",1387.25714863909
"Indonesia","trn_pass_other","HSR",1975,"CORE",0
"Indonesia","trn_pass_other","HSR",1990,"CORE",0
"Indonesia","trn_pass_other","HSR",2005,"CORE",0
"Indonesia","trn_pass_other","HSR",2010,"CORE",0
"Indonesia","trn_pass_other","HSR",2015,"CORE",0
"Indonesia","trn_pass_other","HSR",2021,"CORE",0
"Indonesia","trn_pass_other","Passenger Rail",1975,"CORE",1245.50149005251
"Indonesia","trn_pass_other","Passenger Rail",1990,"CORE",3329.01731886267
"Indonesia","trn_pass_other","Passenger Rail",2005,"CORE",7211.66527424793
"Indonesia","trn_pass_other","Passenger Rail",2010,"CORE",9294.72364884079
"Indonesia","trn_pass_other","Passenger Rail",2015,"CORE",15387.5687051052
"Indonesia","trn_pass_other","Passenger Rail",2021,"CORE",18261.0365245495
"Indonesia","trn_pass_road_other","Bus",1975,"CORE",44135.8887961611
"Indonesia","trn_pass_road_other","Bus",1990,"CORE",117964.846061628
"Indonesia","trn_pass_road_other","Bus",2005,"CORE",255776.866421557
"Indonesia","trn_pass_road_other","Bus",2010,"CORE",329567.597263375
"Indonesia","trn_pass_road_other","Bus",2015,"CORE",490240.472275439
"Indonesia","trn_pass_road_other","Bus",2021,"CORE",578654.955311532
"Indonesia","trn_pass_road_LDV_4W_other","Car",1975,"CORE",10118.8334712784
"Indonesia","trn_pass_road_LDV_4W_other","Car",1990,"CORE",27045.3456198477
"Indonesia","trn_pass_road_LDV_4W_other","Car",2005,"CORE",58615.3874089913
"Indonesia","trn_pass_road_LDV_4W_other","Car",2010,"CORE",76491.7015045955
"Indonesia","trn_pass_road_LDV_4W_other","Car",2015,"CORE",115750.961709716
"Indonesia","trn_pass_road_LDV_4W_other","Car",2021,"CORE",139162.033866917
"Indonesia","trn_pass_road_LDV_4W_other","Large Car and Truck",1975,"CORE",2885.00696678751
"Indonesia","trn_pass_road_LDV_4W_other","Large Car and Truck",1990,"CORE",7710.95166583144
"Indonesia","trn_pass_road_LDV_4W_other","Large Car and Truck",2005,"CORE",16711.9075452272
"Indonesia","trn_pass_road_LDV_4W_other","Large Car and Truck",2010,"CORE",22344.8343398573
"Indonesia","trn_pass_road_LDV_4W_other","Large Car and Truck",2015,"CORE",34520.4956662368
"Indonesia","trn_pass_road_LDV_4W_other","Large Car and Truck",2021,"CORE",42754.4274478773
"Indonesia","trn_pass_road_LDV_4W_other","Mini Car",1975,"CORE",3957.69949844855
"Indonesia","trn_pass_road_LDV_4W_other","Mini Car",1990,"CORE",10578.0137952774
"Indonesia","trn_pass_road_LDV_4W_other","Mini Car",2005,"CORE",22925.7397726458
"Indonesia","trn_pass_road_LDV_4W_other","Mini Car",2010,"CORE",29917.759616294
"Indonesia","trn_pass_road_LDV_4W_other","Mini Car",2015,"CORE",45273.370455785
"Indonesia","trn_pass_road_LDV_4W_other","Mini Car",2021,"CORE",54430.4249871763
"Japan","trn_pass_other","Domestic Aviation",1975,"CORE",19030.796704002
"Japan","trn_pass_other","Domestic Aviation",1990,"CORE",41322.8109032282
"Japan","trn_pass_other","Domestic Aviation",2005,"CORE",64741.6838461339
"Japan","trn_pass_other","Domestic Aviation",2010,"CORE",52681.746613309
"Japan","trn_pass_other","Domestic Aviation",2015,"CORE",61801.1757302356
"Japan","trn_pass_other","Domestic Aviation",2021,"CORE",41748.6846573131
"Japan","trn_pass_other","HSR",1975,"CORE",52757.9053025498
"Japan","trn_pass_other","HSR",1990,"CORE",67241.0950161064
"Japan","trn_pass_other","HSR",2005,"CORE",72425.9489289369
"Japan","trn_pass_other","HSR",2010,"CORE",74097.1325688989
"Japan","trn_pass_other","HSR",2015,"CORE",70790.5513016296
"Japan","trn_pass_other","HSR",2021,"CORE",69029.388566668
"Japan","trn_pass_other","Passenger Rail",1975,"CORE",98447.4609669001
"Japan","trn_pass_other","Passenger Rail",1990,"CORE",126684.09947564
"Japan","trn_pass_other","Passenger Rail",2005,"CORE",136957.934739839
"Japan","trn_pass_other","Passenger Rail",2010,"CORE",139597.785367007
"Japan","trn_pass_other","Passenger Rail",2015,"CORE",133208.489490016
"Japan","trn_pass_other","Passenger Rail",2021,"CORE",129492.962642838
"Japan","trn_pass_road_other","Bus",1975,"CORE",20824.286868173
"Japan","trn_pass_road_other","Bus",1990,"CORE",38649.4429128313
"Japan","trn_pass_road_other","Bus",2005,"CORE",47449.3506291005
"Japan","trn_pass_road_other","Bus",2010,"CORE",43419.1237840538
"Japan","trn_pass_road_other","Bus",2015,"CORE",39633.2786514362
"Japan","trn_pass_road_other","Bus",2021,"CORE",34170.9475127062
"Japan","trn_pass_road_LDV_4W_other","Car",1975,"CORE",99989.7854254752
"Japan","trn_pass_road_LDV_4W_other","Car",1990,"CORE",185578.859575386
"Japan","trn_pass_road_LDV_4W_other","Car",2005,"CORE",224152.34220187
"Japan","trn_pass_road_LDV_4W_other","Car",2010,"CORE",211880.866750402
"Japan","trn_pass_road_LDV_4W_other","Car",2015,"CORE",201973.533590258
"Japan","trn_pass_road_LDV_4W_other","Car",2021,"CORE",184503.703266075
"Japan","trn_pass_road_LDV_4W_other","Large Car and Truck",1975,"CORE",42915.130389713
"Japan","trn_pass_road_LDV_4W_other","Large Car and Truck",1990,"CORE",79649.5543983364
"Japan","trn_pass_road_LDV_4W_other","Large Car and Truck",2005,"CORE",96205.1127023639
"Japan","trn_pass_road_LDV_4W_other","Large Car and Truck",2010,"CORE",90944.5728848026
"Japan","trn_pass_road_LDV_4W_other","Large Car and Truck",2015,"CORE",86698.4439958913
"Japan","trn_pass_road_LDV_4W_other","Large Car and Truck",2021,"CORE",79206.3623873861
"Japan","trn_pass_road_LDV_4W_other","Mini Car",1975,"CORE",46431.7611544523
"Japan","trn_pass_road_LDV_4W_other","Mini Car",1990,"CORE",86176.3462914833
"Japan","trn_pass_road_LDV_4W_other","Mini Car",2005,"CORE",104088.499773845
"Japan","trn_pass_road_LDV_4W_other","Mini Car",2010,"CORE",98396.8244045369
"Japan","trn_pass_road_LDV_4W_other","Mini Car",2015,"CORE",93802.6624704679
"Japan","trn_pass_road_LDV_4W_other","Mini Car",2021,"CORE",85696.6215769061
"Mexico","trn_pass_other","Domestic Aviation",1975,"CORE",3199.32981511422
"Mexico","trn_pass_other","Domestic Aviation",1990,"CORE",6987.93807698206
"Mexico","trn_pass_other","Domestic Aviation",2005,"CORE",11440.8966360277
"Mexico","trn_pass_other","Domestic Aviation",2010,"CORE",11152.5319329107
"Mexico","trn_pass_other","Domestic Aviation",2015,"CORE",14415.8134943563
"Mexico","trn_pass_other","Domestic Aviation",2021,"CORE",13222.802948197
"Mexico","trn_pass_other","HSR",1975,"CORE",0
"Mexico","trn_pass_other","HSR",1990,"CORE",0
"Mexico","trn_pass_other","HSR",2005,"CORE",0
"Mexico","trn_pass_other","HSR",2010,"CORE",0
"Mexico","trn_pass_other","HSR",2015,"CORE",0
"Mexico","trn_pass_other","HSR",2021,"CORE",0
"Mexico","trn_pass_other","Passenger Rail",1975,"CORE",512.56048797133
"Mexico","trn_pass_other","Passenger Rail",1990,"CORE",1079.32104275693
"Mexico","trn_pass_other","Passenger Rail",2005,"CORE",1600.40120059847
"Mexico","trn_pass_other","Passenger Rail",2010,"CORE",1707.71153542812
"Mexico","trn_pass_other","Passenger Rail",2015,"CORE",1627.21433038132
"Mexico","trn_pass_other","Passenger Rail",2021,"CORE",2412.92582851906
"Mexico","trn_pass_road_other","Bus",1975,"CORE",52428.3126360039
"Mexico","trn_pass_road_other","Bus",1990,"CORE",101389.290066026
"Mexico","trn_pass_road_other","Bus",2005,"CORE",157870.518158171
"Mexico","trn_pass_road_other","Bus",2010,"CORE",183330.870696679
"Mexico","trn_pass_road_other","Bus",2015,"CORE",183230.006598138
"Mexico","trn_pass_road_other","Bus",2021,"CORE",129821.211281399
"Mexico","trn_pass_road_LDV_4W_other","Car",1975,"CORE",56642.7779039242
"Mexico","trn_pass_road_LDV_4W_other","Car",1990,"CORE",109539.558390731
"Mexico","trn_pass_road_LDV_4W_other","Car",2005,"CORE",170576.947867372
"Mexico","trn_pass_road_LDV_4W_other","Car",2010,"CORE",205592.779812409
"Mexico","trn_pass_road_LDV_4W_other","Car",2015,"CORE",213600.54227511
"Mexico","trn_pass_road_LDV_4W_other","Car",2021,"CORE",158635.563620548
"Mexico","trn_pass_road_LDV_4W_other","Large Car and Truck",1975,"CORE",10605.6140609063
"Mexico","trn_pass_road_LDV_4W_other","Large Car and Truck",1990,"CORE",20509.8671435456
"Mexico","trn_pass_road_LDV_4W_other","Large Car and Truck",2005,"CORE",31946.155132303
"Mexico","trn_pass_road_LDV_4W_other","Large Car and Truck",2010,"CORE",38499.0587213825
"Mexico","trn_pass_road_LDV_4W_other","Large Car and Truck",2015,"CORE",40002.6782691575
"Mexico","trn_pass_road_LDV_4W_other","Large Car and Truck",2021,"CORE",29723.1265186156
"Mexico","trn_pass_road_LDV_4W_other","Mini Car",1975,"CORE",11648.1636654249
"Mexico","trn_pass_road_LDV_4W_other","Mini Car",1990,"CORE",22525.993973399
"Mexico","trn_pass_road_LDV_4W_other","Mini Car",2005,"CORE",35095.7065450769
"Mexico","trn_pass_road_LDV_4W_other","Mini Car",2010,"CORE",42289.2717045747
"Mexico","trn_pass_road_LDV_4W_other","Mini Car",2015,"CORE",43946.2660134566
"Mexico","trn_pass_road_LDV_4W_other","Mini Car",2021,"CORE",32670.3458743639
"Middle East","trn_pass_other","Domestic Aviation",1975,"CORE",213.164993321928
"Middle East","trn_pass_other","Domestic Aviation",1990,"CORE",369.591592880073
"Middle East","trn_pass_other","Domestic Aviation",2005,"CORE",476.228091819365
"Middle East","trn_pass_other","Domestic Aviation",2010,"CORE",626.788060555756
"Middle East","trn_pass_other","Domestic Aviation",2015,"CORE",870.577305481969
"Middle East","trn_pass_other","Domestic Aviation",2021,"CORE",622.395748432623
"Middle East","trn_pass_other","HSR",1975,"CORE",0
"Middle East","trn_pass_other","HSR",1990,"CORE",0
"Middle East","trn_pass_other","HSR",2005,"CORE",0
"Middle East","trn_pass_other","HSR",2010,"CORE",0
"Middle East","trn_pass_other","HSR",2015,"CORE",0
"Middle East","trn_pass_other","HSR",2021,"CORE",0
"Middle East","trn_pass_other","Passenger Rail",1975,"CORE",0
"Middle East","trn_pass_other","Passenger Rail",1990,"CORE",0
"Middle East","trn_pass_other","Passenger Rail",2005,"CORE",4080.96853744606
"Middle East","trn_pass_other","Passenger Rail",2010,"CORE",11841.2787967559
"Middle East","trn_pass_other","Passenger Rail",2015,"CORE",21649.8323182247
"Middle East","trn_pass_other","Passenger Rail",2021,"CORE",22393.9498315675
"Middle East","trn_pass_road_other","Bus",1975,"CORE",61967.4186665955
"Middle East","trn_pass_road_other","Bus",1990,"CORE",238675.315801493
"Middle East","trn_pass_road_other","Bus",2005,"CORE",450977.517672186
"Middle East","trn_pass_road_other","Bus",2010,"CORE",547970.533356265
"Middle East","trn_pass_road_other","Bus",2015,"CORE",638039.268861478
"Middle East","trn_pass_road_other","Bus",2021,"CORE",620076.207188675
"Middle East","trn_pass_road_LDV_4W_other","Car",1975,"CORE",76491.3508453159
"Middle East","trn_pass_road_LDV_4W_other","Car",1990,"CORE",294616.171111453
"Middle East","trn_pass_road_LDV_4W_other","Car",2005,"CORE",559168.51447438
"Middle East","trn_pass_road_LDV_4W_other","Car",2010,"CORE",731026.548450877
"Middle East","trn_pass_road_LDV_4W_other","Car",2015,"CORE",874683.02631733
"Middle East","trn_pass_road_LDV_4W_other","Car",2021,"CORE",873986.168175329
"Middle East","trn_pass_road_LDV_4W_other","Large Car and Truck",1975,"CORE",5921.68596118158
"Middle East","trn_pass_road_LDV_4W_other","Large Car and Truck",1990,"CORE",22808.1076384778
"Middle East","trn_pass_road_LDV_4W_other","Large Car and Truck",2005,"CORE",43288.8089813046
"Middle East","trn_pass_road_LDV_4W_other","Large Car and Truck",2010,"CORE",56593.5695078348
"Middle East","trn_pass_road_LDV_4W_other","Large Car and Truck",2015,"CORE",67714.8480514774
"Middle East","trn_pass_road_LDV_4W_other","Large Car and Truck",2021,"CORE",67660.8199932162
"Middle East","trn_pass_road_LDV_4W_other","Mini Car",1975,"CORE",25378.5835463088
"Middle East","trn_pass_road_LDV_4W_other","Mini Car",1990,"CORE",97748.7794731904
"Middle East","trn_pass_road_LDV_4W_other","Mini Car",2005,"CORE",185853.544089106
"Middle East","trn_pass_road_LDV_4W_other","Mini Car",2010,"CORE",248623.238519924
"Middle East","trn_pass_road_LDV_4W_other","Mini Car",2015,"CORE",298479.998609864
"Middle East","trn_pass_road_LDV_4W_other","Mini Car",2021,"CORE",299376.408727007
"Pakistan","trn_pass_other","Domestic Aviation",1975,"CORE",264.322885675897
"Pakistan","trn_pass_other","Domestic Aviation",1990,"CORE",341.292286821676
"Pakistan","trn_pass_other","Domestic Aviation",2005,"CORE",696.371465605135
"Pakistan","trn_pass_other","Domestic Aviation",2010,"CORE",662.214660792139
"Pakistan","trn_pass_other","Domestic Aviation",2015,"CORE",656.018300283509
"Pakistan","trn_pass_other","Domestic Aviation",2021,"CORE",432.266305643577
"Pakistan","trn_pass_other","HSR",1975,"CORE",0
"Pakistan","trn_pass_other","HSR",1990,"CORE",0
"Pakistan","trn_pass_other","HSR",2005,"CORE",0
"Pakistan","trn_pass_other","HSR",2010,"CORE",0
"Pakistan","trn_pass_other","HSR",2015,"CORE",0
"Pakistan","trn_pass_other","HSR",2021,"CORE",0
"Pakistan","trn_pass_other","Passenger Rail",1975,"CORE",651.899135929989
"Pakistan","trn_pass_other","Passenger Rail",1990,"CORE",1767.1976308942
"Pakistan","trn_pass_other","Passenger Rail",2005,"CORE",2856.89961659994
"Pakistan","trn_pass_other","Passenger Rail",2010,"CORE",3074.18883933969
"Pakistan","trn_pass_other","Passenger Rail",2015,"CORE",4640.61951620989
"Pakistan","trn_pass_other","Passenger Rail",2021,"CORE",6100.62840785957
"Pakistan","trn_pass_road_other","Bus",1975,"CORE",15495.219594921
"Pakistan","trn_pass_road_other","Bus",1990,"CORE",55016.7240210178
"Pakistan","trn_pass_road_other","Bus",2005,"CORE",137970.655680615
"Pakistan","trn_pass_road_other","Bus",2010,"CORE",223007.564195104
"Pakistan","trn_pass_road_other","Bus",2015,"CORE",229299.808443609
"Pakistan","trn_pass_road_other","Bus",2021,"CORE",273119.672292417
"Pakistan","trn_pass_road_LDV_4W_other","Car",1975,"CORE",3552.55416048254
"Pakistan","trn_pass_road_LDV_4W_other","Car",1990,"CORE",12613.4890811525
"Pakistan","trn_pass_road_LDV_4W_other","Car",2005,"CORE",27221.0657537866
"Pakistan","trn_pass_road_LDV_4W_other","Car",2010,"CORE",38776.7959326013
"Pakistan","trn_pass_road_LDV_4W_other","Car",2015,"CORE",46650.026792407
"Pakistan","trn_pass_road_LDV_4W_other","Car",2021,"CORE",58888.5763800977
"Pakistan","trn_pass_road_LDV_4W_other","Large Car and Truck",1975,"CORE",1012.85052509475
"Pakistan","trn_pass_road_LDV_4W_other","Large Car and Truck",1990,"CORE",3596.24902249451
"Pakistan","trn_pass_road_LDV_4W_other","Large Car and Truck",2005,"CORE",7761.01251167234
"Pakistan","trn_pass_road_LDV_4W_other","Large Car and Truck",2010,"CORE",11327.5430424973
"Pakistan","trn_pass_road_LDV_4W_other","Large Car and Truck",2015,"CORE",13912.5373783803
"Pakistan","trn_pass_road_LDV_4W_other","Large Car and Truck",2021,"CORE",18092.2288624284
"Pakistan","trn_pass_road_LDV_4W_other","Mini Car",1975,"CORE",1389.46084812059
"Pakistan","trn_pass_road_LDV_4W_other","Mini Car",1990,"CORE",4933.43305523783
"Pakistan","trn_pass_road_LDV_4W_other","Mini Car",2005,"CORE",10646.8769876859
"Pakistan","trn_pass_road_LDV_4W_other","Mini Car",2010,"CORE",15166.9379455372
"Pakistan","trn_pass_road_LDV_4W_other","Mini Car",2015,"CORE",18246.3012006573
"Pakistan","trn_pass_road_LDV_4W_other","Mini Car",2021,"CORE",23033.2431439306
"Russia","trn_pass_other","Domestic Aviation",1975,"CORE",173106.618481689
"Russia","trn_pass_other","Domestic Aviation",1990,"CORE",157451.129890769
"Russia","trn_pass_other","Domestic Aviation",2005,"CORE",89735.4447868647
"Russia","trn_pass_other","Domestic Aviation",2010,"CORE",101856.480232333
"Russia","trn_pass_other","Domestic Aviation",2015,"CORE",92497.9805519581
"Russia","trn_pass_other","Domestic Aviation",2021,"CORE",110159.124295399
"Russia","trn_pass_other","HSR",1975,"CORE",0
"Russia","trn_pass_other","HSR",1990,"CORE",0
"Russia","trn_pass_other","HSR",2005,"CORE",0
"Russia","trn_pass_other","HSR",2010,"CORE",0
"Russia","trn_pass_other","HSR",2015,"CORE",0
"Russia","trn_pass_other","HSR",2021,"CORE",0
"Russia","trn_pass_other","Passenger Rail",1975,"CORE",57457.2531900308
"Russia","trn_pass_other","Passenger Rail",1990,"CORE",118849.405398152
"Russia","trn_pass_other","Passenger Rail",2005,"CORE",99966.2896746632
"Russia","trn_pass_other","Passenger Rail",2010,"CORE",105480.921106695
"Russia","trn_pass_other","Passenger Rail",2015,"CORE",110236.049954212
"Russia","trn_pass_other","Passenger Rail",2021,"CORE",110055.345809515
"Russia","trn_pass_road_other","Bus",1975,"CORE",108366.475706502
"Russia","trn_pass_road_other","Bus",1990,"CORE",178536.825266298
"Russia","trn_pass_road_other","Bus",2005,"CORE",108599.285521592
"Russia","trn_pass_road_other","Bus",2010,"CORE",133788.080094972
"Russia","trn_pass_road_other","Bus",2015,"CORE",142560.209708841
"Russia","trn_pass_road_other","Bus",2021,"CORE",166833.694588032
"Russia","trn_pass_road_LDV_4W_other","Car",1975,"CORE",227514.451479086
"Russia","trn_pass_road_LDV_4W_other","Car",1990,"CORE",362113.264892361
"Russia","trn_pass_road_LDV_4W_other","Car",2005,"CORE",250777.041410899
"Russia","trn_pass_road_LDV_4W_other","Car",2010,"CORE",317975.57964587
"Russia","trn_pass_road_LDV_4W_other","Car",2015,"CORE",354294.857034405
"Russia","trn_pass_road_LDV_4W_other","Car",2021,"CORE",409963.771640072
"Russia","trn_pass_road_LDV_4W_other","Large Car and Truck",1975,"CORE",28322.4752349104
"Russia","trn_pass_road_LDV_4W_other","Large Car and Truck",1990,"CORE",45078.1802727239
"Russia","trn_pass_road_LDV_4W_other","Large Car and Truck",2005,"CORE",31218.417198209
"Russia","trn_pass_road_LDV_4W_other","Large Car and Truck",2010,"CORE",39583.7801640021
"Russia","trn_pass_road_LDV_4W_other","Large Car and Truck",2015,"CORE",44105.0920139299
"Russia","trn_pass_road_LDV_4W_other","Large Car and Truck",2021,"CORE",51035.1868478326
"South Africa","trn_pass_other","Domestic Aviation",1975,"CORE",2945.92719459158
"South Africa","trn_pass_other","Domestic Aviation",1990,"CORE",4558.31940573032
"South Africa","trn_pass_other","Domestic Aviation",2005,"CORE",10425.9253403321
"South Africa","trn_pass_other","Domestic Aviation",2010,"CORE",11777.2071742104
"South Africa","trn_pass_other","Domestic Aviation",2015,"CORE",12578.3364623627
"South Africa","trn_pass_other","Domestic Aviation",2021,"CORE",8747.49671528026
"South Africa","trn_pass_other","HSR",1975,"CORE",0
"South Africa","trn_pass_other","HSR",1990,"CORE",0
"South Africa","trn_pass_other","HSR",2005,"CORE",0
"South Africa","trn_pass_other","HSR",2010,"CORE",0
"South Africa","trn_pass_other","HSR",2015,"CORE",0
"South Africa","trn_pass_other","HSR",2021,"CORE",0
"South Africa","trn_pass_other","Passenger Rail",1975,"CORE",13651.3777457453
"South Africa","trn_pass_other","Passenger Rail",1990,"CORE",17173.8532260781
"South Africa","trn_pass_other","Passenger Rail",2005,"CORE",23411.4956727225
"South Africa","trn_pass_other","Passenger Rail",2010,"CORE",15449.79203596
"South Africa","trn_pass_other","Passenger Rail",2015,"CORE",15189.5249114841
"South Africa","trn_pass_other","Passenger Rail",2021,"CORE",10606.1924174914
"South Africa","trn_pass_road_other","Bus",1975,"CORE",63960.4879373068
"South Africa","trn_pass_road_other","Bus",1990,"CORE",87698.2455739923
"South Africa","trn_pass_road_other","Bus",2005,"CORE",124340.380809662
"South Africa","trn_pass_road_other","Bus",2010,"CORE",138841.864808208
"South Africa","trn_pass_road_other","Bus",2015,"CORE",159226.6898544
"South Africa","trn_pass_road_other","Bus",2021,"CORE",139658.261057414
"South Africa","trn_pass_road_LDV_4W_other","Car",1975,"CORE",20641.8909882907
"South Africa","trn_pass_road_LDV_4W_other","Car",1990,"CORE",28302.7457786372
"South Africa","trn_pass_road_LDV_4W_other","Car",2005,"CORE",40128.2423138076
"South Africa","trn_pass_road_LDV_4W_other","Car",2010,"CORE",45392.1806373572
"South Africa","trn_pass_road_LDV_4W_other","Car",2015,"CORE",53003.0137289326
"South Africa","trn_pass_road_LDV_4W_other","Car",2021,"CORE",47294.7923424661
"South Africa","trn_pass_road_LDV_4W_other","Large Car and Truck",1975,"CORE",9156.62675097093
"South Africa","trn_pass_road_LDV_4W_other","Large Car and Truck",1990,"CORE",12554.9590018576
"South Africa","trn_pass_road_LDV_4W_other","Large Car and Truck",2005,"CORE",17800.6955401746
"South Africa","trn_pass_road_LDV_4W_other","Large Car and Truck",2010,"CORE",20630.9646157084
"South Africa","trn_pass_road_LDV_4W_other","Large Car and Truck",2015,"CORE",24594.210139182
"South Africa","trn_pass_road_LDV_4W_other","Large Car and Truck",2021,"CORE",22607.7590805698
"South Africa","trn_pass_road_LDV_4W_other","Mini Car",1975,"CORE",10724.7280473672
"South Africa","trn_pass_road_LDV_4W_other","Mini Car",1990,"CORE",14704.9866485682
"South Africa","trn_pass_road_LDV_4W_other","Mini Car",2005,"CORE",20849.0463758196
"South Africa","trn_pass_road_LDV_4W_other","Mini Car",2010,"CORE",23583.9377976088
"South Africa","trn_pass_road_LDV_4W_other","Mini Car",2015,"CORE",27538.1788024326
"South Africa","trn_pass_road_LDV_4W_other","Mini Car",2021,"CORE",24572.3538557057
"South America_Northern","trn_pass_other","Domestic Aviation",1975,"CORE",693.080401072323
"South America_Northern","trn_pass_other","Domestic Aviation",1990,"CORE",2050.80759162267
"South America_Northern","trn_pass_other","Domestic Aviation",2005,"CORE",3783.92368352383
"South America_Northern","trn_pass_other","Domestic Aviation",2010,"CORE",3858.7113237826
"South America_Northern","trn_pass_other","Domestic Aviation",2015,"CORE",4137.67374756247
"South America_Northern","trn_pass_other","Domestic Aviation",2021,"CORE",2176.3749102963
"South America_Northern","trn_pass_other","HSR",1975,"CORE",0
"South America_Northern","trn_pass_other","HSR",1990,"CORE",0
"South America_Northern","trn_pass_other","HSR",2005,"CORE",0
"South America_Northern","trn_pass_other","HSR",2010,"CORE",0
"South America_Northern","trn_pass_other","HSR",2015,"CORE",0
"South America_Northern","trn_pass_other","HSR",2021,"CORE",0
"South America_Northern","trn_pass_other","Passenger Rail",1975,"CORE",21.2221251745772
"South America_Northern","trn_pass_other","Passenger Rail",1990,"CORE",398.178971278926
"South America_Northern","trn_pass_other","Passenger Rail",2005,"CORE",392.917472144092
"South America_Northern","trn_pass_other","Passenger Rail",2010,"CORE",449.373412290441
"South America_Northern","trn_pass_other","Passenger Rail",2015,"CORE",51.7093828569319
"South America_Northern","trn_pass_other","Passenger Rail",2021,"CORE",14.6321141880108
"South America_Northern","trn_pass_road_other","Bus",1975,"CORE",24304.9925264364
"South America_Northern","trn_pass_road_other","Bus",1990,"CORE",36776.1764543844
"South America_Northern","trn_pass_road_other","Bus",2005,"CORE",54529.0753453202
"South America_Northern","trn_pass_road_other","Bus",2010,"CORE",63512.3800576045
"South America_Northern","trn_pass_road_other","Bus",2015,"CORE",59274.071622061
"South America_Northern","trn_pass_road_other","Bus",2021,"CORE",16777.325630773
"South America_Northern","trn_pass_road_LDV_4W_other","Car",1975,"CORE",26258.7153400262
"South America_Northern","trn_pass_road_LDV_4W_other","Car",1990,"CORE",39732.4839349618
"South America_Northern","trn_pass_road_LDV_4W_other","Car",2005,"CORE",59018.4723176422
"South America_Northern","trn_pass_road_LDV_4W_other","Car",2010,"CORE",71229.5694246158
"South America_Northern","trn_pass_road_LDV_4W_other","Car",2015,"CORE",69119.1762739018
"South America_Northern","trn_pass_road_LDV_4W_other","Car",2021,"CORE",20507.5874639008
"South America_Northern","trn_pass_road_LDV_4W_other","Large Car and Truck",1975,"CORE",4916.59947426907
"South America_Northern","trn_pass_road_LDV_4W_other","Large Car and Truck",1990,"CORE",7439.39594354422
"South America_Northern","trn_pass_road_LDV_4W_other","Large Car and Truck",2005,"CORE",11102.8465652842
"South America_Northern","trn_pass_road_LDV_4W_other","Large Car and Truck",2010,"CORE",13340.8544472377
"South America_Northern","trn_pass_road_LDV_4W_other","Large Car and Truck",2015,"CORE",12954.7741685033
"South America_Northern","trn_pass_road_LDV_4W_other","Large Car and Truck",2021,"CORE",3845.81225661633
"South America_Northern","trn_pass_road_LDV_4W_other","Mini Car",1975,"CORE",5399.90922094283
"South America_Northern","trn_pass_road_LDV_4W_other","Mini Car",1990,"CORE",8170.68327401076
"South America_Northern","trn_pass_road_LDV_4W_other","Mini Car",2005,"CORE",12255.845136185
"South America_Northern","trn_pass_road_LDV_4W_other","Mini Car",2010,"CORE",14657.149517646
"South America_Northern","trn_pass_road_LDV_4W_other","Mini Car",2015,"CORE",14243.9960606434
"South America_Northern","trn_pass_road_LDV_4W_other","Mini Car",2021,"CORE",4231.0690943825
"South America_Southern","trn_pass_other","Domestic Aviation",1975,"CORE",2032.72156130721
"South America_Southern","trn_pass_other","Domestic Aviation",1990,"CORE",3077.41218125003
"South America_Southern","trn_pass_other","Domestic Aviation",2005,"CORE",5989.97464355917
"South America_Southern","trn_pass_other","Domestic Aviation",2010,"CORE",8649.85203582736
"South America_Southern","trn_pass_other","Domestic Aviation",2015,"CORE",11042.6732902081
"South America_Southern","trn_pass_other","Domestic Aviation",2021,"CORE",8501.32531731829
"South America_Southern","trn_pass_other","HSR",1975,"CORE",0
"South America_Southern","trn_pass_other","HSR",1990,"CORE",0
"South America_Southern","trn_pass_other","HSR",2005,"CORE",0
"South America_Southern","trn_pass_other","HSR",2010,"CORE",0
"South America_Southern","trn_pass_other","HSR",2015,"CORE",0
"South America_Southern","trn_pass_other","HSR",2021,"CORE",0
"South America_Southern","trn_pass_other","Passenger Rail",1975,"CORE",264.032702029671
"South America_Southern","trn_pass_other","Passenger Rail",1990,"CORE",539.105749912592
"South America_Southern","trn_pass_other","Passenger Rail",2005,"CORE",544.935231609079
"South America_Southern","trn_pass_other","Passenger Rail",2010,"CORE",5494.05109615199
"South America_Southern","trn_pass_other","Passenger Rail",2015,"CORE",2013.16530763307
"South America_Southern","trn_pass_other","Passenger Rail",2021,"CORE",2180.82119303222
"South America_Southern","trn_pass_road_other","Bus",1975,"CORE",19680.6120669927
"South America_Southern","trn_pass_road_other","Bus",1990,"CORE",32062.6964328079
"South America_Southern","trn_pass_road_other","Bus",2005,"CORE",53123.2161964806
"South America_Southern","trn_pass_road_other","Bus",2010,"CORE",76283.6752533159
"South America_Southern","trn_pass_road_other","Bus",2015,"CORE",98253.6613021821
"South America_Southern","trn_pass_road_other","Bus",2021,"CORE",111174.905687861
"South America_Southern","trn_pass_road_LDV_4W_other","Car",1975,"CORE",21262.7205177162
"South America_Southern","trn_pass_road_LDV_4W_other","Car",1990,"CORE",34646.0952321515
"South America_Southern","trn_pass_road_LDV_4W_other","Car",2005,"CORE",57542.316603562
"South America_Southern","trn_pass_road_LDV_4W_other","Car",2010,"CORE",86320.3040592967
"South America_Southern","trn_pass_road_LDV_4W_other","Car",2015,"CORE",115825.028619687
"South America_Southern","trn_pass_road_LDV_4W_other","Car",2021,"CORE",137049.384420849
"South America_Southern","trn_pass_road_LDV_4W_other","Large Car and Truck",1975,"CORE",3981.16266530295
"South America_Southern","trn_pass_road_LDV_4W_other","Large Car and Truck",1990,"CORE",6489.98052735149
"South America_Southern","trn_pass_road_LDV_4W_other","Large Car and Truck",2005,"CORE",10847.5100237392
"South America_Southern","trn_pass_road_LDV_4W_other","Large Car and Truck",2010,"CORE",16550.7158118232
"South America_Southern","trn_pass_road_LDV_4W_other","Large Car and Truck",2015,"CORE",22341.6611355038
"South America_Southern","trn_pass_road_LDV_4W_other","Large Car and Truck",2021,"CORE",26293.9497974629
"South America_Southern","trn_pass_road_LDV_4W_other","Mini Car",1975,"CORE",4372.49745391378
"South America_Southern","trn_pass_road_LDV_4W_other","Mini Car",1990,"CORE",7131.3732101883
"South America_Southern","trn_pass_road_LDV_4W_other","Mini Car",2005,"CORE",12000.187727026
"South America_Southern","trn_pass_road_LDV_4W_other","Mini Car",2010,"CORE",18634.2487555641
"South America_Southern","trn_pass_road_LDV_4W_other","Mini Car",2015,"CORE",25308.1308141584
"South America_Southern","trn_pass_road_LDV_4W_other","Mini Car",2021,"CORE",29623.8510111696
"South Asia","trn_pass_other","Domestic Aviation",1975,"CORE",162.27023592868
"South Asia","trn_pass_other","Domestic Aviation",1990,"CORE",319.915191973407
"South Asia","trn_pass_other","Domestic Aviation",2005,"CORE",838.95461279699
"South Asia","trn_pass_other","Domestic Aviation",2010,"CORE",974.585805672503
"South Asia","trn_pass_other","Domestic Aviation",2015,"CORE",906.944208753011
"South Asia","trn_pass_other","Domestic Aviation",2021,"CORE",722.01636001796
"South Asia","trn_pass_other","HSR",1975,"CORE",0
"South Asia","trn_pass_other","HSR",1990,"CORE",0
"South Asia","trn_pass_other","HSR",2005,"CORE",0
"South Asia","trn_pass_other","HSR",2010,"CORE",0
"South Asia","trn_pass_other","HSR",2015,"CORE",0
"South Asia","trn_pass_other","HSR",2021,"CORE",0
"South Asia","trn_pass_other","Passenger Rail",1975,"CORE",354.44148662927
"South Asia","trn_pass_other","Passenger Rail",1990,"CORE",714.642982300512
"South Asia","trn_pass_other","Passenger Rail",2005,"CORE",1583.60657215968
"South Asia","trn_pass_other","Passenger Rail",2010,"CORE",2167.91733857038
"South Asia","trn_pass_other","Passenger Rail",2015,"CORE",2683.08215514012
"South Asia","trn_pass_other","Passenger Rail",2021,"CORE",5964.8805942689
"South Asia","trn_pass_road_other","Bus",1975,"CORE",12558.6630697278
"South Asia","trn_pass_road_other","Bus",1990,"CORE",25324.6096761621
"South Asia","trn_pass_road_other","Bus",2005,"CORE",57082.0883907615
"South Asia","trn_pass_road_other","Bus",2010,"CORE",116307.160777042
"South Asia","trn_pass_road_other","Bus",2015,"CORE",139379.646235704
"South Asia","trn_pass_road_other","Bus",2021,"CORE",159233.506969431
"South Asia","trn_pass_road_LDV_4W_other","Car",1975,"CORE",2879.243462494
"South Asia","trn_pass_road_LDV_4W_other","Car",1990,"CORE",5806.08108152923
"South Asia","trn_pass_road_LDV_4W_other","Car",2005,"CORE",12679.0437305888
"South Asia","trn_pass_road_LDV_4W_other","Car",2010,"CORE",22212.7402669127
"South Asia","trn_pass_road_LDV_4W_other","Car",2015,"CORE",27516.03092344
"South Asia","trn_pass_road_LDV_4W_other","Car",2021,"CORE",33716.7194659016
"South Asia","trn_pass_road_LDV_4W_other","Large Car and Truck",1975,"CORE",820.898845589827
"South Asia","trn_pass_road_LDV_4W_other","Large Car and Truck",1990,"CORE",1655.39496577405
"South Asia","trn_pass_road_LDV_4W_other","Large Car and Truck",2005,"CORE",3614.93907554688
"South Asia","trn_pass_road_LDV_4W_other","Large Car and Truck",2010,"CORE",6488.82423373602
"South Asia","trn_pass_road_LDV_4W_other","Large Car and Truck",2015,"CORE",8206.16126243398
"South Asia","trn_pass_road_LDV_4W_other","Large Car and Truck",2021,"CORE",10358.7119117966
"South Asia","trn_pass_road_LDV_4W_other","Mini Car",1975,"CORE",1126.16864395888
"South Asia","trn_pass_road_LDV_4W_other","Mini Car",1990,"CORE",2270.87986008731
"South Asia","trn_pass_road_LDV_4W_other","Mini Car",2005,"CORE",4959.08578777312
"South Asia","trn_pass_road_LDV_4W_other","Mini Car",2010,"CORE",8688.06562226141
"South Asia","trn_pass_road_LDV_4W_other","Mini Car",2015,"CORE",10762.4027258773
"South Asia","trn_pass_road_LDV_4W_other","Mini Car",2021,"CORE",13187.6873433223
"South Korea","trn_pass_other","Domestic Aviation",1975,"CORE",4095.29327897854
"South Korea","trn_pass_other","Domestic Aviation",1990,"CORE",27004.419573822
"South Korea","trn_pass_other","Domestic Aviation",2005,"CORE",45109.2132154441
"South Korea","trn_pass_other","Domestic Aviation",2010,"CORE",54580.7669353939
"South Korea","trn_pass_other","Domestic Aviation",2015,"CORE",72456.7868651963
"South Korea","trn_pass_other","Domestic Aviation",2021,"CORE",58138.5895682839
"South Korea","trn_pass_other","HSR",1975,"CORE",290.455773956133
"South Korea","trn_pass_other","HSR",1990,"CORE",1172.39132234172
"South Korea","trn_pass_other","HSR",2005,"CORE",2996.77403868708
"South Korea","trn_pass_other","HSR",2010,"CORE",2535.44751848295
"South Korea","trn_pass_other","HSR",2015,"CORE",2570.74528787797
"South Korea","trn_pass_other","HSR",2021,"CORE",4216.51107083006
"South Korea","trn_pass_other","Passenger Rail",1975,"CORE",2336.46447922802
"South Korea","trn_pass_other","Passenger Rail",1990,"CORE",10943.1799651433
"South Korea","trn_pass_other","Passenger Rail",2005,"CORE",27369.2472298553
"South Korea","trn_pass_other","Passenger Rail",2010,"CORE",25465.6943525837
"South Korea","trn_pass_other","Passenger Rail",2015,"CORE",27117.7056164924
"South Korea","trn_pass_other","Passenger Rail",2021,"CORE",36389.828523078
"South Korea","trn_pass_road_other","Bus",1975,"CORE",12332.2858445133
"South Korea","trn_pass_road_other","Bus",1990,"CORE",73116.1875043049
"South Korea","trn_pass_road_other","Bus",2005,"CORE",188052.555834515
"South Korea","trn_pass_road_other","Bus",2010,"CORE",218792.366446935
"South Korea","trn_pass_road_other","Bus",2015,"CORE",245809.725965843
"South Korea","trn_pass_road_other","Bus",2021,"CORE",250133.719300798
"South Korea","trn_pass_road_LDV_4W_other","Car",1975,"CORE",5219.85413434056
"South Korea","trn_pass_road_LDV_4W_other","Car",1990,"CORE",30947.6592749829
"South Korea","trn_pass_road_LDV_4W_other","Car",2005,"CORE",75197.2342594158
"South Korea","trn_pass_road_LDV_4W_other","Car",2010,"CORE",81697.0540274115
"South Korea","trn_pass_road_LDV_4W_other","Car",2015,"CORE",95185.1586833771
"South Korea","trn_pass_road_LDV_4W_other","Car",2021,"CORE",103768.256154582
"South Korea","trn_pass_road_LDV_4W_other","Large Car and Truck",1975,"CORE",3200.24984123818
"South Korea","trn_pass_road_LDV_4W_other","Large Car and Truck",1990,"CORE",18973.7587499917
"South Korea","trn_pass_road_LDV_4W_other","Large Car and Truck",2005,"CORE",46102.8268279047
"South Korea","trn_pass_road_LDV_4W_other","Large Car and Truck",2010,"CORE",50087.7289464267
"South Korea","trn_pass_road_LDV_4W_other","Large Car and Truck",2015,"CORE",58357.0569341665
"South Korea","trn_pass_road_LDV_4W_other","Large Car and Truck",2021,"CORE",63619.1421340946
"Southeast Asia","trn_pass_other","Domestic Aviation",1975,"CORE",10357.3561892861
"Southeast Asia","trn_pass_other","Domestic Aviation",1990,"CORE",4793.34906075493
"Southeast Asia","trn_pass_other","Domestic Aviation",2005,"CORE",12514.7759919915
"Southeast Asia","trn_pass_other","Domestic Aviation",2010,"CORE",19542.7902734578
"Southeast Asia","trn_pass_other","Domestic Aviation",2015,"CORE",28757.9777693645
"Southeast Asia","trn_pass_other","Domestic Aviation",2021,"CORE",15705.0733182056
"Southeast Asia","trn_pass_other","HSR",1975,"CORE",0
"Southeast Asia","trn_pass_other","HSR",1990,"CORE",0
"Southeast Asia","trn_pass_other","HSR",2005,"CORE",0
"Southeast Asia","trn_pass_other","HSR",2010,"CORE",0
"Southeast Asia","trn_pass_other","HSR",2015,"CORE",0
"Southeast Asia","trn_pass_other","HSR",2021,"CORE",0
"Southeast Asia","trn_pass_other","Passenger Rail",1975,"CORE",7018.67917851064
"Southeast Asia","trn_pass_other","Passenger Rail",1990,"CORE",15700.1343731838
"Southeast Asia","trn_pass_other","Passenger Rail",2005,"CORE",42131.7155341385
"Southeast Asia","trn_pass_other","Passenger Rail",2010,"CORE",61328.2986374113
"Southeast Asia","trn_pass_other","Passenger Rail",2015,"CORE",68116.9921296443
"Southeast Asia","trn_pass_other","Passenger Rail",2021,"CORE",77542.8391747062
"Southeast Asia","trn_pass_road_other","Bus",1975,"CORE",116206.767868616
"Southeast Asia","trn_pass_road_other","Bus",1990,"CORE",258148.491005903
"Southeast Asia","trn_pass_road_other","Bus",2005,"CORE",571328.428963532
"Southeast Asia","trn_pass_road_other","Bus",2010,"CORE",702142.339852454
"Southeast Asia","trn_pass_road_other","Bus",2015,"CORE",862808.551000096
"Southeast Asia","trn_pass_road_other","Bus",2021,"CORE",817903.679947559
"Southeast Asia","trn_pass_road_LDV_4W_other","Car",1975,"CORE",27124.5708656232
"Southeast Asia","trn_pass_road_LDV_4W_other","Car",1990,"CORE",61357.1144554133
"Southeast Asia","trn_pass_road_LDV_4W_other","Car",2005,"CORE",134729.51856901
"Southeast Asia","trn_pass_road_LDV_4W_other","Car",2010,"CORE",154466.874744068
"Southeast Asia","trn_pass_road_LDV_4W_other","Car",2015,"CORE",194523.683268814
"Southeast Asia","trn_pass_road_LDV_4W_other","Car",2021,"CORE",194332.515872587
"Southeast Asia","trn_pass_road_LDV_4W_other","Large Car and Truck",1975,"CORE",7642.53641308322
"Southeast Asia","trn_pass_road_LDV_4W_other","Large Car and Truck",1990,"CORE",17293.8497085586
"Southeast Asia","trn_pass_road_LDV_4W_other","Large Car and Truck",2005,"CORE",38004.8966477917
"Southeast Asia","trn_pass_road_LDV_4W_other","Large Car and Truck",2010,"CORE",44403.500678798
"Southeast Asia","trn_pass_road_LDV_4W_other","Large Car and Truck",2015,"CORE",57236.2364378809
"Southeast Asia","trn_pass_road_LDV_4W_other","Large Car and Truck",2021,"CORE",58867.2960640508
"Southeast Asia","trn_pass_road_LDV_4W_other","Mini Car",1975,"CORE",10235.9065910954
"Southeast Asia","trn_pass_road_LDV_4W_other","Mini Car",1990,"CORE",23317.80264796
"Southeast Asia","trn_pass_road_LDV_4W_other","Mini Car",2005,"CORE",51149.2454148265
"Southeast Asia","trn_pass_road_LDV_4W_other","Mini Car",2010,"CORE",57942.4863411308
"Southeast Asia","trn_pass_road_LDV_4W_other","Mini Car",2015,"CORE",73570.3146549867
"Southeast Asia","trn_pass_road_LDV_4W_other","Mini Car",2021,"CORE",73280.4551711665
"Taiwan","trn_pass_other","Domestic Aviation",1975,"CORE",377.582944372691
"Taiwan","trn_pass_other","Domestic Aviation",1990,"CORE",534.427371206734
"Taiwan","trn_pass_other","Domestic Aviation",2005,"CORE",1808.06934540522
"Taiwan","trn_pass_other","Domestic Aviation",2010,"CORE",1702.10337279942
"Taiwan","trn_pass_other","Domestic Aviation",2015,"CORE",2242.18061992042
"Taiwan","trn_pass_other","Domestic Aviation",2021,"CORE",1682.94538014969
"Taiwan","trn_pass_other","HSR",1975,"CORE",0
"Taiwan","trn_pass_other","HSR",1990,"CORE",0
"Taiwan","trn_pass_other","HSR",2005,"CORE",0
"Taiwan","trn_pass_other","HSR",2010,"CORE",0
"Taiwan","trn_pass_other","HSR",2015,"CORE",0
"Taiwan","trn_pass_other","HSR",2021,"CORE",0
"Taiwan","trn_pass_other","Passenger Rail",1975,"CORE",492.949611033905
"Taiwan","trn_pass_other","Passenger Rail",1990,"CORE",3612.99549087592
"Taiwan","trn_pass_other","Passenger Rail",2005,"CORE",7781.22420218284
"Taiwan","trn_pass_other","Passenger Rail",2010,"CORE",11445.0112994633
"Taiwan","trn_pass_other","Passenger Rail",2015,"CORE",12914.0103783375
"Taiwan","trn_pass_other","Passenger Rail",2021,"CORE",13772.1059211551
"Taiwan","trn_pass_road_other","Bus",1975,"CORE",17465.9636458629
"Taiwan","trn_pass_road_other","Bus",1990,"CORE",85468.7984900929
"Taiwan","trn_pass_road_other","Bus",2005,"CORE",161219.36239734
"Taiwan","trn_pass_road_other","Bus",2010,"CORE",154123.363627186
"Taiwan","trn_pass_road_other","Bus",2015,"CORE",160056.329478899
"Taiwan","trn_pass_road_other","Bus",2021,"CORE",153323.59902292
"Taiwan","trn_pass_road_LDV_4W_other","Car",1975,"CORE",4004.31518759526
"Taiwan","trn_pass_road_LDV_4W_other","Car",1990,"CORE",19595.0781598333
"Taiwan","trn_pass_road_LDV_4W_other","Car",2005,"CORE",36962.1182123127
"Taiwan","trn_pass_road_LDV_4W_other","Car",2010,"CORE",35795.8410417297
"Taiwan","trn_pass_road_LDV_4W_other","Car",2015,"CORE",37849.6535988241
"Taiwan","trn_pass_road_LDV_4W_other","Car",2021,"CORE",36885.9986863452
"Taiwan","trn_pass_road_LDV_4W_other","Large Car and Truck",1975,"CORE",1141.66901271368
"Taiwan","trn_pass_road_LDV_4W_other","Large Car and Truck",1990,"CORE",5586.80634757849
"Taiwan","trn_pass_road_LDV_4W_other","Large Car and Truck",2005,"CORE",10538.3480261067
"Taiwan","trn_pass_road_LDV_4W_other","Large Car and Truck",2010,"CORE",10456.7356952454
"Taiwan","trn_pass_road_LDV_4W_other","Large Car and Truck",2015,"CORE",11287.9129760795
"Taiwan","trn_pass_road_LDV_4W_other","Large Car and Truck",2021,"CORE",11332.4124403236
"Taiwan","trn_pass_road_LDV_4W_other","Mini Car",1975,"CORE",1566.20051441445
"Taiwan","trn_pass_road_LDV_4W_other","Mini Car",1990,"CORE",7664.05781931644
"Taiwan","trn_pass_road_LDV_4W_other","Mini Car",2005,"CORE",14456.6763498936
"Taiwan","trn_pass_road_LDV_4W_other","Mini Car",2010,"CORE",14000.6323048335
"Taiwan","trn_pass_road_LDV_4W_other","Mini Car",2015,"CORE",14804.0299939371
"Taiwan","trn_pass_road_LDV_4W_other","Mini Car",2021,"CORE",14427.1893147905
"USA","trn_pass_other","Domestic Aviation",1975,"CORE",555738.330310403
"USA","trn_pass_other","Domestic Aviation",1990,"CORE",832328.415275008
"USA","trn_pass_other","Domestic Aviation",2005,"CORE",920288.875345667
"USA","trn_pass_other","Domestic Aviation",2010,"CORE",790587.373334388
"USA","trn_pass_other","Domestic Aviation",2015,"CORE",878499.464026689
"USA","trn_pass_other","Domestic Aviation",2021,"CORE",816486.448473144
"USA","trn_pass_other","HSR",1975,"CORE",46.3389613924856
"USA","trn_pass_other","HSR",1990,"CORE",48.8284782438524
"USA","trn_pass_other","HSR",2005,"CORE",72.9881076877979
"USA","trn_pass_other","HSR",2010,"CORE",75.2320143172408
"USA","trn_pass_other","HSR",2015,"CORE",103.062919663738
"USA","trn_pass_other","HSR",2021,"CORE",150.083278246708
"USA","trn_pass_other","Passenger Rail",1975,"CORE",5672.3805168196
"USA","trn_pass_other","Passenger Rail",1990,"CORE",6167.26564073203
"USA","trn_pass_other","Passenger Rail",2005,"CORE",8912.42223896951
"USA","trn_pass_other","Passenger Rail",2010,"CORE",9024.62315069763
"USA","trn_pass_other","Passenger Rail",2015,"CORE",11441.9911961811
"USA","trn_pass_other","Passenger Rail",2021,"CORE",15404.9851567915
"USA","trn_pass_road_other","Bus",1975,"CORE",163983.505206472
"USA","trn_pass_road_other","Bus",1990,"CORE",191193.575341088
"USA","trn_pass_road_other","Bus",2005,"CORE",274899.719694256
"USA","trn_pass_road_other","Bus",2010,"CORE",272298.311583253
"USA","trn_pass_road_other","Bus",2015,"CORE",284575.786972632
"USA","trn_pass_road_other","Bus",2021,"CORE",298847.677730494
"USA","trn_pass_road_LDV_4W_other","Car",1975,"CORE",1138909.63442372
"USA","trn_pass_road_LDV_4W_other","Car",1990,"CORE",1327890.84565636
"USA","trn_pass_road_LDV_4W_other","Car",2005,"CORE",1782479.07215967
"USA","trn_pass_road_LDV_4W_other","Car",2010,"CORE",1793048.04883086
"USA","trn_pass_road_LDV_4W_other","Car",2015,"CORE",2075501.1299193
"USA","trn_pass_road_LDV_4W_other","Car",2021,"CORE",2252186.30344288
"USA","trn_pass_road_LDV_4W_other","Large Car and Truck",1975,"CORE",947352.733865064
"USA","trn_pass_road_LDV_4W_other","Large Car and Truck",1990,"CORE",1104548.56308484
"USA","trn_pass_road_LDV_4W_other","Large Car and Truck",2005,"CORE",1482678.12953798
"USA","trn_pass_road_LDV_4W_other","Large Car and Truck",2010,"CORE",1491505.82307943
"USA","trn_pass_road_LDV_4W_other","Large Car and Truck",2015,"CORE",1726502.6117388
"USA","trn_pass_road_LDV_4W_other","Large Car and Truck",2021,"CORE",1807616.15019827
"Ukraine","trn_pass_other","Domestic Aviation",1975,"CORE",0
"Ukraine","trn_pass_other","Domestic Aviation",1990,"CORE",17891.5940914315
"Ukraine","trn_pass_other","Domestic Aviation",2005,"CORE",3495.04490917481
"Ukraine","trn_pass_other","Domestic Aviation",2010,"CORE",2455.45676265137
"Ukraine","trn_pass_other","Domestic Aviation",2015,"CORE",1121.89284447062
"Ukraine","trn_pass_other","Domestic Aviation",2021,"CORE",1756.22647151563
"Ukraine","trn_pass_other","HSR",1975,"CORE",0
"Ukraine","trn_pass_other","HSR",1990,"CORE",0
"Ukraine","trn_pass_other","HSR",2005,"CORE",0
"Ukraine","trn_pass_other","HSR",2010,"CORE",0
"Ukraine","trn_pass_other","HSR",2015,"CORE",0
"Ukraine","trn_pass_other","HSR",2021,"CORE",0
"Ukraine","trn_pass_other","Passenger Rail",1975,"CORE",19771.0763522179
"Ukraine","trn_pass_other","Passenger Rail",1990,"CORE",29844.4342660837
"Ukraine","trn_pass_other","Passenger Rail",2005,"CORE",16154.9118914154
"Ukraine","trn_pass_other","Passenger Rail",2010,"CORE",14525.5029007791
"Ukraine","trn_pass_other","Passenger Rail",2015,"CORE",12150.1050521825
"Ukraine","trn_pass_other","Passenger Rail",2021,"CORE",11309.120174437
"Ukraine","trn_pass_road_other","Bus",1975,"CORE",34231.4528653264
"Ukraine","trn_pass_road_other","Bus",1990,"CORE",47505.2050233523
"Ukraine","trn_pass_road_other","Bus",2005,"CORE",21725.1361095241
"Ukraine","trn_pass_road_other","Bus",2010,"CORE",23994.592020658
"Ukraine","trn_pass_road_other","Bus",2015,"CORE",17621.1436096148
"Ukraine","trn_pass_road_other","Bus",2021,"CORE",19803.8825615437
"Ukraine","trn_pass_road_LDV_4W_other","Car",1975,"CORE",73517.1636372744
"Ukraine","trn_pass_road_LDV_4W_other","Car",1990,"CORE",110707.618593965
"Ukraine","trn_pass_road_LDV_4W_other","Car",2005,"CORE",45872.465145084
"Ukraine","trn_pass_road_LDV_4W_other","Car",2010,"CORE",55394.9893493408
"Ukraine","trn_pass_road_LDV_4W_other","Car",2015,"CORE",42956.3342470069
"Ukraine","trn_pass_road_LDV_4W_other","Car",2021,"CORE",51151.3507033305
"Ukraine","trn_pass_road_LDV_4W_other","Large Car and Truck",1975,"CORE",9151.903656683
"Ukraine","trn_pass_road_LDV_4W_other","Large Car and Truck",1990,"CORE",13781.6415535197
"Ukraine","trn_pass_road_LDV_4W_other","Large Car and Truck",2005,"CORE",5710.48562006763
"Ukraine","trn_pass_road_LDV_4W_other","Large Car and Truck",2010,"CORE",6895.93629382176
"Ukraine","trn_pass_road_LDV_4W_other","Large Car and Truck",2015,"CORE",5347.49074677745
"Ukraine","trn_pass_road_LDV_4W_other","Large Car and Truck",2021,"CORE",6367.69677527384
